post_id,user_id,post_date,post_type,likes,comments,shares,time_posted,hashtags_count,follower_count
1,357,2023-09-11,Video,15.0,2,21,Afternoon,1,922.0
2,376,2023-03-08,Photo,75.0,20,14,Night,4,382.0
3,175,2023-04-13,Link,283.0,13,4,Afternoon,2,480.0
4,159,2023-12-21,Video,215.0,8,3,Morning,4,96.0
5,244,2023-10-10,Photo,225.0,13,3,Evening,0,1043.0
6,29,2023-02-20,Photo,111.0,2,0,Morning,3,783.0
7,387,2023-06-25,Link,90.0,5,6,Morning,3,487.0
8,154,2023-11-24,Link,255.0,35,3,Night,3,
9,95,2023-08-31,Video,50.0,3,1,Night,4,580.0
10,2,2023-06-30,Video,117.0,10,3,Afternoon,3,1305.0
11,335,2023-07-30,Link,99.0,3,1,Afternoon,1,714.0
12,92,2023-12-16,Text,40.0,6,6,Morning,6,412.0
13,56,2023-02-17,Link,13.0,13,4,Night,1,850.0
14,236,2023-08-20,Video,194.0,37,2,Morning,3,412.0
15,398,2023-09-23,Link,129.0,28,1,Night,3,782.0
16,332,2023-04-04,Video,242.0,3,10,Evening,5,975.0
17,15,2023-09-12,Video,35.0,41,5,Night,6,
18,85,2023-03-27,Photo,32.0,31,6,Afternoon,5,99.0
19,380,2023-04-05,Video,89.0,1,4,Morning,1,1217.0
20,374,2023-02-15,Text,150.0,28,0,Night,3,79.0
21,254,2023-02-05,Video,368.0,29,0,Afternoon,4,944.0
22,221,2023-01-10,Video,69.0,0,2,Afternoon,1,731.0
23,249,2023-09-01,Photo,78.0,3,13,Morning,3,1033.0
24,45,2023-01-27,Link,83.0,29,3,Afternoon,4,996.0
25,303,2023-03-20,Video,94.0,2,10,Morning,0,1760.0
26,20,2023-05-19,Photo,100.0,24,0,Morning,1,544.0
27,124,2023-02-01,Photo,,35,6,Night,6,305.0
28,146,2023-05-28,Text,,7,1,Evening,4,1084.0
29,230,2023-02-15,Video,81.0,18,3,Night,4,783.0
30,335,2023-03-01,Photo,45.0,14,1,Afternoon,5,264.0
31,61,2023-03-09,Photo,,34,6,Evening,4,589.0
32,121,2023-01-17,Link,86.0,13,2,Afternoon,4,489.0
33,256,2023-03-06,Link,85.0,15,3,Evening,1,1944.0
34,204,2023-07-04,Photo,90.0,44,1,Morning,1,1409.0
35,5,2023-10-02,Photo,180.0,28,1,Afternoon,1,436.0
36,314,2023-01-05,Photo,275.0,0,0,Evening,4,1267.0
37,337,2023-03-23,Link,119.0,17,4,Night,2,183.0
38,77,2023-02-24,Photo,192.0,7,0,Morning,3,708.0
39,316,2023-12-28,Photo,90.0,31,1,Morning,3,1789.0
40,141,2023-01-04,Photo,91.0,12,3,Afternoon,1,212.0
41,100,2023-06-29,Link,51.0,11,1,Afternoon,2,923.0
42,208,2023-01-19,Text,174.0,7,4,Evening,3,2101.0
43,296,2023-05-11,Video,296.0,8,0,Morning,0,3016.0
44,195,2023-03-08,Text,229.0,14,18,Morning,3,1173.0
45,180,2023-10-12,Text,133.0,6,6,Afternoon,0,566.0
46,258,2023-06-30,Text,107.0,6,3,Morning,6,941.0
47,195,2023-05-16,Photo,107.0,1,12,Night,2,1214.0
48,139,2023-05-13,Video,201.0,3,10,Evening,6,1140.0
49,11,2023-03-05,Text,72.0,21,2,Morning,3,438.0
50,266,2023-01-27,Video,32.0,22,0,Morning,4,1373.0
51,28,2023-10-16,Photo,81.0,0,1,Morning,1,637.0
52,119,2023-11-10,Photo,36.0,4,1,Evening,2,485.0
53,395,2023-11-14,Link,85.0,20,6,Afternoon,5,1359.0
54,249,2023-12-04,Text,38.0,1,3,Night,3,1070.0
55,7,2023-10-09,Text,141.0,5,9,Afternoon,2,2302.0
56,143,2023-08-11,Text,61.0,23,3,Morning,3,535.0
57,7,2023-09-27,Photo,59.0,1,7,Night,1,533.0
58,55,2023-02-01,Photo,122.0,16,1,Morning,2,
59,387,2023-10-24,Video,41.0,3,4,Evening,2,1860.0
60,20,2023-09-06,Video,43.0,14,5,Evening,3,2514.0
61,380,2023-05-22,Text,81.0,16,7,Evening,3,3302.0
62,3,2023-02-17,Photo,,21,8,Morning,5,312.0
63,20,2023-06-25,Photo,15.0,1,1,Afternoon,2,2114.0
64,266,2023-12-13,Photo,151.0,12,2,Afternoon,1,3531.0
65,227,2023-10-21,Photo,69.0,21,1,Morning,0,1611.0
66,346,2023-02-02,Photo,100.0,25,6,Morning,5,133.0
67,350,2023-12-29,Photo,119.0,2,1,Night,2,792.0
68,218,2023-04-07,Photo,27.0,7,2,Evening,4,987.0
69,165,2023-01-24,Photo,138.0,17,8,Afternoon,3,2984.0
70,340,2023-01-26,Photo,281.0,38,2,Afternoon,6,657.0
71,51,2023-02-19,Video,71.0,12,1,Night,1,606.0
72,373,2023-06-19,Video,106.0,3,5,Night,2,1270.0
73,170,2023-04-05,Photo,111.0,3,18,Morning,3,532.0
74,353,2023-08-07,Video,23.0,4,0,Morning,4,3199.0
75,30,2023-05-21,Text,180.0,6,9,Morning,5,240.0
76,244,2023-08-12,Photo,22.0,12,0,Evening,2,1714.0
77,45,2023-10-06,Link,120.0,25,2,Afternoon,3,560.0
78,215,2023-06-14,Photo,82.0,51,2,Night,4,933.0
79,356,2023-12-31,Photo,131.0,14,6,Afternoon,2,1618.0
80,23,2023-02-28,Photo,25.0,27,13,Morning,2,905.0
81,53,2023-09-29,Photo,57.0,7,0,Evening,1,506.0
82,42,2023-10-22,Video,13.0,19,6,Afternoon,2,2287.0
83,164,2023-07-19,Photo,,27,1,Morning,3,122.0
84,104,2023-03-23,Text,53.0,8,11,Night,2,282.0
85,369,2023-09-07,Text,70.0,2,1,Morning,2,172.0
86,162,2023-12-13,Video,172.0,20,5,Morning,2,873.0
87,341,2023-09-22,Video,140.0,11,0,Afternoon,5,2270.0
88,154,2023-04-02,Video,8.0,20,15,Evening,5,226.0
89,327,2023-10-05,Photo,59.0,9,0,Night,6,1839.0
90,3,2023-03-16,Photo,27.0,11,1,Night,3,545.0
91,373,2023-11-06,Photo,14.0,20,5,Night,3,710.0
92,43,2023-01-14,Photo,78.0,40,9,Evening,0,2787.0
93,390,2023-08-03,Photo,44.0,3,25,Night,4,307.0
94,54,2023-03-20,Video,158.0,5,0,Morning,3,1538.0
95,308,2023-05-13,Video,141.0,13,1,Evening,5,
96,13,2023-08-13,Photo,87.0,25,11,Night,3,1118.0
97,112,2023-08-28,Photo,106.0,14,0,Evening,2,1765.0
98,56,2023-12-30,Photo,226.0,14,6,Morning,3,1094.0
99,104,2023-12-16,Photo,91.0,6,2,Afternoon,1,1871.0
100,175,2023-09-14,Video,102.0,6,5,Evening,4,712.0
101,322,2023-05-22,Photo,84.0,34,3,Afternoon,3,1538.0
102,68,2023-08-27,Photo,92.0,20,4,Evening,4,1207.0
103,13,2023-02-24,Photo,29.0,1,5,Morning,4,
104,286,2023-01-17,Photo,119.0,2,4,Afternoon,3,2092.0
105,332,2023-01-09,Photo,61.0,9,5,Night,4,665.0
106,161,2023-12-21,Photo,175.0,20,4,Night,4,889.0
107,166,2023-12-17,Video,33.0,0,6,Afternoon,6,286.0
108,299,2023-09-25,Photo,63.0,15,7,Evening,1,1228.0
109,368,2023-05-02,Text,34.0,5,7,Afternoon,2,598.0
110,354,2023-12-31,Text,24.0,26,9,Night,5,498.0
111,259,2023-11-18,Photo,104.0,5,1,Evening,4,582.0
112,43,2023-02-06,Photo,147.0,7,6,Afternoon,4,
113,329,2023-11-05,Photo,117.0,39,14,Evening,1,1396.0
114,199,2023-06-18,Photo,67.0,10,2,Evening,1,990.0
115,132,2023-11-30,Photo,56.0,25,7,Morning,4,
116,92,2023-09-17,Video,16.0,15,1,Morning,4,1212.0
117,32,2023-12-09,Photo,28.0,18,0,Evening,4,168.0
118,257,2023-03-12,Link,93.0,23,2,Night,0,1397.0
119,397,2023-01-17,Link,22.0,5,8,Night,0,680.0
120,36,2023-04-12,Text,66.0,21,1,Evening,3,1775.0
121,282,2023-08-06,Text,284.0,25,1,Evening,2,512.0
122,205,2023-10-05,Photo,84.0,17,1,Morning,2,311.0
123,150,2023-10-23,Text,56.0,27,1,Night,0,875.0
124,344,2023-08-25,Photo,155.0,2,4,Morning,4,1302.0
125,139,2023-04-14,Link,246.0,1,1,Night,4,90.0
126,281,2023-05-13,Text,232.0,23,13,Night,3,488.0
127,335,2023-01-09,Photo,,5,2,Afternoon,3,952.0
128,173,2023-03-01,Text,165.0,1,3,Evening,3,215.0
129,164,2023-10-03,Photo,87.0,1,2,Afternoon,4,1224.0
130,102,2023-12-08,Photo,44.0,41,16,Night,4,844.0
131,290,2023-05-03,Link,14.0,22,2,Morning,4,948.0
132,288,2023-10-17,Photo,45.0,15,4,Evening,3,2422.0
133,102,2023-12-14,Text,50.0,40,7,Afternoon,3,1103.0
134,153,2023-05-05,Photo,57.0,14,0,Night,4,484.0
135,121,2023-03-12,Photo,34.0,1,0,Night,2,422.0
136,57,2023-06-15,Text,64.0,7,3,Afternoon,3,631.0
137,107,2023-02-01,Link,46.0,1,3,Evening,3,1956.0
138,239,2023-06-23,Photo,172.0,23,1,Afternoon,1,695.0
139,21,2023-12-31,Photo,64.0,7,3,Afternoon,2,727.0
140,73,2023-12-17,Video,116.0,70,4,Morning,4,1120.0
141,341,2023-01-25,Video,46.0,8,18,Morning,4,2491.0
142,21,2023-11-16,Video,118.0,4,4,Afternoon,4,1991.0
143,298,2023-06-10,Text,100.0,22,2,Afternoon,3,694.0
144,11,2023-10-30,Text,75.0,3,0,Night,2,310.0
145,58,2023-11-21,Video,41.0,2,1,Evening,3,774.0
146,354,2023-05-06,Photo,21.0,15,2,Night,3,1192.0
147,240,2023-10-12,Photo,60.0,13,3,Morning,1,1507.0
148,297,2023-07-06,Video,113.0,3,7,Evening,3,785.0
149,86,2023-06-08,Link,184.0,3,7,Evening,0,2515.0
150,144,2023-01-26,Video,57.0,17,9,Morning,6,993.0
151,225,2023-03-04,Video,20.0,33,1,Night,3,1369.0
152,194,2023-03-26,Text,122.0,12,2,Afternoon,2,1392.0
153,103,2023-08-14,Photo,74.0,13,0,Afternoon,5,1199.0
154,364,2023-06-26,Photo,52.0,13,9,Evening,6,2522.0
155,326,2023-11-11,Photo,113.0,18,5,Evening,4,2147.0
156,162,2023-08-27,Link,75.0,5,0,Afternoon,4,659.0
157,302,2023-02-16,Link,85.0,17,1,Evening,1,1476.0
158,48,2023-10-05,Text,191.0,38,0,Afternoon,5,1163.0
159,234,2023-12-31,Photo,54.0,14,17,Morning,3,
160,293,2023-07-11,Video,,26,1,Morning,2,208.0
161,22,2023-06-23,Photo,211.0,46,3,Afternoon,4,289.0
162,336,2023-06-09,Text,137.0,27,1,Evening,4,3278.0
163,135,2023-12-20,Video,151.0,33,3,Morning,2,462.0
164,175,2023-08-01,Photo,160.0,31,32,Afternoon,5,830.0
165,333,2023-04-01,Photo,47.0,29,1,Afternoon,6,847.0
166,369,2023-08-22,Video,83.0,5,1,Evening,3,2159.0
167,242,2023-06-14,Text,37.0,31,2,Evening,3,1074.0
168,17,2023-11-19,Photo,158.0,12,0,Night,2,1116.0
169,259,2023-06-29,Text,72.0,22,6,Evening,3,1254.0
170,396,2023-04-19,Text,104.0,15,2,Morning,2,880.0
171,198,2023-02-03,Text,126.0,44,4,Morning,7,2073.0
172,76,2023-07-08,Text,9.0,24,5,Morning,0,1773.0
173,203,2023-11-23,Photo,95.0,26,0,Afternoon,6,705.0
174,233,2023-08-09,Link,,28,5,Afternoon,4,777.0
175,275,2023-06-22,Photo,173.0,14,3,Afternoon,1,1017.0
176,159,2023-06-18,Photo,125.0,28,0,Morning,5,281.0
177,115,2023-03-07,Video,108.0,4,0,Night,3,1510.0
178,258,2023-09-25,Photo,63.0,16,2,Afternoon,5,1903.0
179,237,2023-09-28,Link,55.0,22,2,Night,4,486.0
180,96,2023-05-06,Video,107.0,12,2,Afternoon,3,2770.0
181,128,2023-09-04,Photo,40.0,65,5,Morning,5,502.0
182,274,2023-09-29,Link,31.0,7,0,Night,1,333.0
183,311,2023-09-16,Video,256.0,2,5,Afternoon,1,1165.0
184,260,2023-08-26,Video,166.0,43,8,Morning,6,2099.0
185,376,2023-10-31,Photo,107.0,17,0,Afternoon,2,1221.0
186,334,2023-04-01,Text,67.0,4,2,Evening,3,706.0
187,78,2023-08-04,Photo,52.0,9,1,Morning,4,1415.0
188,349,2023-08-18,Photo,80.0,1,2,Afternoon,2,632.0
189,290,2023-06-04,Video,106.0,5,4,Night,3,1796.0
190,176,2023-10-30,Link,,15,1,Afternoon,3,163.0
191,127,2023-06-13,Photo,27.0,27,0,Night,2,498.0
192,198,2023-05-25,Photo,80.0,8,6,Evening,2,224.0
193,363,2023-10-28,Text,14.0,6,5,Evening,3,316.0
194,204,2023-12-20,Text,152.0,6,3,Night,3,1082.0
195,45,2023-07-09,Video,120.0,7,3,Afternoon,6,554.0
196,379,2023-05-09,Text,157.0,17,1,Night,2,1959.0
197,349,2023-10-03,Photo,32.0,44,1,Evening,4,775.0
198,394,2023-07-16,Photo,108.0,6,1,Evening,0,1477.0
199,164,2023-07-11,Video,56.0,1,6,Evening,1,383.0
200,98,2023-12-15,Photo,123.0,5,4,Night,8,1151.0
201,307,2023-11-22,Photo,117.0,11,6,Evening,5,1537.0
202,243,2023-09-12,Photo,192.0,2,4,Afternoon,4,553.0
203,143,2023-02-22,Photo,117.0,22,3,Night,1,840.0
204,137,2023-04-19,Text,60.0,4,1,Evening,3,727.0
205,58,2023-12-15,Text,71.0,21,2,Night,2,957.0
206,269,2023-04-18,Video,,7,10,Evening,0,568.0
207,169,2023-07-08,Photo,172.0,10,4,Morning,6,847.0
208,108,2023-11-26,Video,166.0,19,3,Evening,2,850.0
209,376,2023-10-08,Link,72.0,56,0,Afternoon,0,2416.0
210,384,2023-01-29,Video,207.0,7,5,Morning,2,863.0
211,44,2023-04-25,Text,223.0,1,5,Night,6,1532.0
212,86,2023-02-04,Photo,5.0,47,5,Evening,2,1265.0
213,286,2023-10-30,Photo,77.0,21,0,Morning,1,1119.0
214,77,2023-06-09,Photo,35.0,5,1,Night,2,529.0
215,242,2023-05-07,Video,,12,2,Morning,2,1817.0
216,224,2023-10-29,Text,,14,8,Afternoon,7,651.0
217,314,2023-02-05,Text,101.0,7,19,Night,5,1181.0
218,339,2023-03-12,Text,96.0,3,2,Afternoon,1,497.0
219,163,2023-10-29,Link,181.0,9,4,Evening,4,364.0
220,122,2023-04-08,Photo,280.0,2,0,Night,6,1600.0
221,177,2023-04-07,Link,150.0,55,0,Morning,2,392.0
222,187,2023-01-26,Text,335.0,33,0,Morning,3,445.0
223,244,2023-06-25,Photo,127.0,33,6,Night,4,285.0
224,221,2023-06-25,Text,161.0,1,0,Morning,2,1129.0
225,135,2023-01-13,Video,90.0,7,7,Night,3,288.0
226,35,2023-06-07,Photo,42.0,2,2,Afternoon,3,1982.0
227,167,2023-08-12,Photo,287.0,15,9,Afternoon,2,1157.0
228,262,2023-08-13,Video,28.0,0,10,Afternoon,4,356.0
229,334,2023-07-13,Photo,120.0,33,10,Afternoon,2,1092.0
230,220,2023-05-05,Photo,41.0,9,3,Evening,2,316.0
231,65,2023-01-07,Text,113.0,9,7,Night,6,1483.0
232,110,2023-11-08,Video,219.0,10,5,Night,2,905.0
233,341,2023-10-13,Photo,14.0,3,1,Evening,1,197.0
234,395,2023-08-26,Video,65.0,20,2,Morning,4,235.0
235,9,2023-02-24,Link,73.0,8,16,Evening,1,575.0
236,394,2023-08-06,Photo,183.0,15,7,Morning,1,1611.0
237,182,2023-08-05,Photo,99.0,24,1,Morning,2,399.0
238,43,2023-06-19,Text,65.0,2,1,Afternoon,6,638.0
239,120,2023-01-06,Photo,,2,1,Night,3,3352.0
240,306,2023-09-21,Text,93.0,11,1,Afternoon,1,618.0
241,113,2023-11-25,Video,45.0,13,13,Evening,4,220.0
242,319,2023-05-08,Video,25.0,33,2,Evening,5,1927.0
243,254,2023-03-16,Text,45.0,14,2,Evening,3,220.0
244,231,2023-08-04,Link,30.0,21,1,Morning,7,1259.0
245,136,2023-11-22,Text,96.0,17,11,Morning,2,559.0
246,168,2023-02-09,Photo,123.0,25,15,Afternoon,3,1844.0
247,179,2023-07-03,Photo,107.0,57,1,Evening,1,657.0
248,389,2023-03-21,Video,13.0,8,4,Night,4,742.0
249,391,2023-09-30,Text,278.0,5,15,Afternoon,2,1133.0
250,254,2023-12-10,Video,149.0,8,3,Evening,1,
251,47,2023-10-23,Link,81.0,39,3,Evening,4,1495.0
252,142,2023-04-14,Photo,92.0,5,3,Afternoon,7,605.0
253,281,2023-11-10,Photo,221.0,11,0,Morning,4,1905.0
254,85,2023-12-13,Photo,73.0,3,1,Evening,2,1078.0
255,93,2023-11-06,Text,51.0,7,6,Afternoon,2,2799.0
256,159,2023-01-09,Video,88.0,4,17,Evening,4,567.0
257,52,2023-11-03,Photo,107.0,8,4,Morning,2,1372.0
258,383,2023-05-18,Text,103.0,15,1,Afternoon,4,670.0
259,260,2023-02-18,Photo,,15,2,Morning,2,1268.0
260,118,2023-06-07,Photo,60.0,5,3,Evening,3,354.0
261,46,2023-09-22,Photo,124.0,1,0,Night,4,636.0
262,157,2023-06-23,Link,91.0,36,1,Morning,5,1410.0
263,193,2023-10-09,Link,66.0,25,2,Night,0,378.0
264,96,2023-07-11,Photo,262.0,58,1,Evening,2,1323.0
265,257,2023-06-11,Photo,30.0,8,2,Evening,1,574.0
266,324,2023-08-15,Video,32.0,0,1,Evening,2,916.0
267,187,2023-05-08,Text,143.0,36,4,Afternoon,3,3994.0
268,232,2023-01-27,Video,36.0,9,4,Morning,1,843.0
269,254,2023-03-25,Video,121.0,4,4,Morning,1,629.0
270,78,2023-08-04,Text,214.0,12,0,Afternoon,4,506.0
271,378,2023-06-18,Link,231.0,7,1,Afternoon,1,
272,180,2023-03-24,Text,66.0,12,0,Morning,1,607.0
273,248,2023-01-18,Photo,67.0,7,0,Evening,4,1400.0
274,375,2023-11-02,Text,85.0,2,1,Morning,6,769.0
275,334,2023-10-26,Photo,10.0,19,1,Evening,4,1278.0
276,246,2023-02-10,Video,16.0,10,6,Night,5,745.0
277,130,2023-12-26,Video,24.0,29,5,Night,1,628.0
278,21,2023-01-18,Text,61.0,1,1,Evening,4,553.0
279,285,2023-07-08,Photo,65.0,18,0,Morning,3,368.0
280,76,2023-07-19,Link,59.0,13,0,Afternoon,3,722.0
281,338,2023-12-22,Text,65.0,33,1,Afternoon,3,1574.0
282,160,2023-02-22,Photo,198.0,11,1,Night,4,1426.0
283,169,2023-03-21,Photo,157.0,15,0,Evening,3,738.0
284,278,2023-11-05,Photo,79.0,1,4,Morning,2,446.0
285,140,2023-09-26,Text,60.0,25,11,Night,3,866.0
286,313,2023-10-09,Photo,73.0,27,3,Morning,5,1589.0
287,8,2023-04-22,Photo,145.0,1,0,Afternoon,0,343.0
288,156,2023-03-31,Photo,37.0,3,4,Morning,0,941.0
289,313,2023-09-04,Video,190.0,17,3,Afternoon,2,224.0
290,181,2023-02-25,Video,317.0,36,11,Evening,4,1256.0
291,214,2023-12-07,Photo,256.0,8,2,Night,6,1419.0
292,204,2023-07-08,Link,66.0,12,6,Morning,4,798.0
293,241,2023-05-29,Link,44.0,12,0,Morning,0,746.0
294,17,2023-09-21,Photo,8.0,11,6,Afternoon,2,2320.0
295,277,2023-08-13,Video,74.0,4,0,Night,1,523.0
296,51,2023-07-11,Video,14.0,14,2,Evening,5,
297,391,2023-11-24,Text,66.0,11,14,Evening,4,1056.0
298,212,2023-03-11,Video,48.0,6,6,Night,3,171.0
299,54,2023-01-06,Video,287.0,48,12,Afternoon,2,
300,316,2023-01-22,Video,47.0,2,3,Evening,3,1797.0
301,44,2023-06-23,Text,143.0,45,4,Morning,1,130.0
302,333,2023-04-05,Video,149.0,17,3,Morning,4,808.0
303,233,2023-07-08,Text,47.0,23,3,Afternoon,1,2428.0
304,29,2023-11-14,Photo,13.0,3,4,Evening,4,
305,171,2023-03-10,Link,148.0,48,0,Night,3,2682.0
306,61,2023-03-27,Text,61.0,9,1,Evening,7,366.0
307,61,2023-02-26,Text,207.0,28,1,Morning,2,2009.0
308,328,2023-04-22,Photo,126.0,13,2,Afternoon,3,292.0
309,20,2023-06-02,Photo,71.0,2,2,Night,5,50.0
310,56,2023-11-25,Link,92.0,1,6,Afternoon,3,118.0
311,176,2023-06-02,Link,60.0,35,0,Night,2,1281.0
312,330,2023-04-03,Photo,36.0,0,4,Night,1,1880.0
313,399,2023-06-10,Video,127.0,10,1,Morning,1,
314,249,2023-12-29,Photo,176.0,22,3,Morning,2,3480.0
315,204,2023-01-08,Photo,119.0,20,4,Night,3,1312.0
316,184,2023-12-26,Photo,155.0,6,4,Evening,0,2034.0
317,46,2023-04-30,Photo,66.0,8,1,Night,6,2364.0
318,45,2023-05-21,Video,39.0,38,6,Night,0,1344.0
319,42,2023-11-13,Photo,38.0,8,5,Night,1,641.0
320,8,2023-08-28,Link,105.0,10,13,Afternoon,5,
321,340,2023-04-27,Video,63.0,4,5,Morning,2,465.0
322,14,2023-04-24,Photo,262.0,17,6,Night,2,1307.0
323,229,2023-12-27,Link,64.0,50,8,Afternoon,2,543.0
324,282,2023-01-27,Video,553.0,9,0,Afternoon,3,339.0
325,102,2023-11-06,Photo,135.0,1,5,Evening,7,2965.0
326,297,2023-10-16,Video,9.0,3,1,Morning,4,329.0
327,237,2023-08-11,Video,4.0,14,8,Evening,3,772.0
328,29,2023-06-05,Text,55.0,5,3,Night,2,2150.0
329,191,2023-08-01,Text,,25,4,Night,1,1007.0
330,269,2023-06-29,Photo,96.0,9,1,Morning,1,1538.0
331,354,2023-10-12,Video,45.0,22,5,Night,3,489.0
332,303,2023-04-03,Video,144.0,14,0,Morning,10,261.0
333,216,2023-07-08,Video,257.0,2,6,Afternoon,2,625.0
334,248,2023-09-01,Photo,161.0,6,0,Morning,2,1028.0
335,277,2023-11-25,Link,123.0,10,1,Afternoon,3,2163.0
336,351,2023-11-13,Text,23.0,51,0,Morning,2,352.0
337,12,2023-05-30,Video,56.0,32,1,Morning,0,1807.0
338,106,2023-07-19,Video,126.0,2,2,Afternoon,8,1807.0
339,24,2023-11-09,Photo,137.0,9,1,Evening,3,648.0
340,277,2023-02-14,Video,63.0,14,1,Afternoon,3,829.0
341,4,2023-03-22,Text,49.0,4,11,Morning,4,282.0
342,281,2023-08-03,Video,15.0,6,1,Night,3,1125.0
343,8,2023-08-19,Video,87.0,2,6,Evening,2,593.0
344,164,2023-01-30,Video,147.0,15,1,Night,2,956.0
345,290,2023-05-22,Text,143.0,3,8,Morning,3,1229.0
346,114,2023-08-05,Text,11.0,1,5,Evening,4,496.0
347,50,2023-12-02,Text,142.0,8,7,Evening,1,577.0
348,238,2023-05-26,Photo,241.0,16,2,Morning,3,1021.0
349,347,2023-06-09,Video,80.0,11,10,Night,2,354.0
350,284,2023-06-15,Text,159.0,12,2,Night,4,1428.0
351,62,2023-04-26,Video,79.0,6,4,Morning,3,738.0
352,349,2023-02-22,Text,29.0,6,5,Evening,3,1754.0
353,127,2023-05-23,Link,54.0,43,15,Evening,5,523.0
354,221,2023-11-01,Photo,129.0,30,0,Morning,2,723.0
355,202,2023-02-02,Photo,149.0,12,0,Night,4,109.0
356,300,2023-09-26,Video,37.0,4,3,Night,1,197.0
357,160,2023-07-18,Photo,251.0,25,12,Night,4,1474.0
358,8,2023-07-11,Link,262.0,37,0,Morning,2,766.0
359,396,2023-05-27,Photo,36.0,23,1,Afternoon,2,818.0
360,125,2023-03-26,Photo,188.0,9,1,Morning,2,199.0
361,90,2023-02-25,Link,126.0,14,1,Afternoon,1,761.0
362,244,2023-10-20,Photo,65.0,6,0,Night,3,1582.0
363,195,2023-02-27,Video,25.0,14,8,Morning,3,1159.0
364,106,2023-01-09,Photo,264.0,13,0,Afternoon,2,671.0
365,206,2023-05-12,Text,83.0,22,3,Night,4,162.0
366,71,2023-03-12,Photo,15.0,6,0,Night,5,969.0
367,357,2023-07-10,Photo,231.0,50,8,Night,3,732.0
368,32,2023-04-14,Link,,2,6,Morning,3,1538.0
369,166,2023-09-04,Photo,45.0,16,6,Night,3,1838.0
370,212,2023-11-15,Text,,26,6,Night,2,364.0
371,10,2023-03-02,Photo,161.0,4,14,Evening,1,1243.0
372,335,2023-09-21,Photo,61.0,17,2,Afternoon,7,346.0
373,198,2023-03-31,Text,57.0,20,9,Night,4,801.0
374,247,2023-10-10,Photo,48.0,15,1,Morning,1,770.0
375,217,2023-02-14,Photo,43.0,36,3,Afternoon,4,1463.0
376,129,2023-09-27,Text,102.0,23,0,Night,5,536.0
377,198,2023-12-28,Video,9.0,2,1,Night,5,967.0
378,333,2023-03-13,Text,64.0,14,3,Afternoon,1,791.0
379,75,2023-02-21,Photo,125.0,8,12,Afternoon,3,945.0
380,90,2023-06-30,Text,18.0,24,1,Afternoon,2,1260.0
381,281,2023-11-03,Photo,156.0,18,5,Morning,1,1531.0
382,52,2023-05-10,Text,192.0,12,8,Afternoon,3,1661.0
383,308,2023-02-17,Video,,4,1,Morning,4,123.0
384,12,2023-07-06,Text,221.0,7,0,Night,5,1757.0
385,46,2023-11-19,Photo,91.0,3,4,Afternoon,3,1717.0
386,137,2023-03-21,Photo,44.0,16,1,Evening,4,865.0
387,301,2023-05-17,Text,223.0,5,5,Morning,4,1093.0
388,292,2023-04-13,Link,68.0,10,0,Night,4,739.0
389,137,2023-01-02,Photo,53.0,32,0,Morning,2,
390,97,2023-03-16,Text,72.0,26,5,Morning,6,332.0
391,162,2023-08-09,Photo,32.0,29,18,Morning,1,1240.0
392,88,2023-09-27,Video,51.0,3,1,Afternoon,3,751.0
393,53,2023-09-09,Link,88.0,1,6,Evening,2,499.0
394,109,2023-11-11,Link,231.0,82,3,Evening,3,953.0
395,45,2023-10-30,Photo,80.0,11,9,Night,2,1054.0
396,382,2023-06-13,Photo,146.0,8,2,Night,3,465.0
397,353,2023-02-02,Photo,41.0,6,17,Evening,2,607.0
398,161,2023-12-25,Video,215.0,6,0,Evening,5,2514.0
399,285,2023-07-10,Photo,352.0,24,20,Morning,2,688.0
400,304,2023-08-23,Photo,235.0,6,9,Night,4,921.0
401,82,2023-01-18,Photo,162.0,4,10,Evening,3,386.0
402,315,2023-08-05,Photo,29.0,16,9,Evening,1,1952.0
403,318,2023-12-23,Link,66.0,5,9,Evening,5,
404,255,2023-01-05,Video,12.0,8,8,Night,2,237.0
405,291,2023-10-15,Photo,62.0,27,11,Morning,1,1834.0
406,315,2023-06-26,Video,112.0,19,3,Morning,5,
407,187,2023-03-14,Link,158.0,16,14,Afternoon,2,302.0
408,386,2023-09-27,Video,76.0,22,2,Night,3,2250.0
409,89,2023-11-16,Video,140.0,8,6,Afternoon,2,774.0
410,390,2023-02-01,Link,112.0,16,6,Evening,2,224.0
411,25,2023-05-17,Video,48.0,22,8,Morning,1,396.0
412,53,2023-04-19,Text,43.0,6,6,Night,4,366.0
413,380,2023-10-31,Video,161.0,29,0,Morning,3,395.0
414,78,2023-11-04,Link,122.0,32,6,Afternoon,1,
415,114,2023-04-19,Video,,7,0,Evening,2,3469.0
416,388,2023-05-17,Link,,57,3,Morning,4,2719.0
417,348,2023-04-18,Video,184.0,13,9,Afternoon,4,1542.0
418,312,2023-02-01,Text,42.0,21,8,Afternoon,1,533.0
419,258,2023-12-30,Photo,129.0,16,9,Night,7,232.0
420,145,2023-05-18,Link,64.0,32,4,Evening,4,445.0
421,196,2023-04-03,Video,85.0,18,1,Evening,0,2123.0
422,304,2023-08-02,Photo,128.0,18,3,Morning,7,665.0
423,348,2023-03-10,Photo,9.0,22,3,Morning,4,1579.0
424,102,2023-09-24,Text,47.0,7,1,Afternoon,4,951.0
425,290,2023-07-05,Photo,119.0,26,2,Morning,3,1556.0
426,352,2023-10-11,Text,49.0,19,10,Evening,7,1188.0
427,169,2023-12-10,Photo,257.0,16,3,Night,3,766.0
428,95,2023-06-11,Video,150.0,0,6,Morning,5,1528.0
429,262,2023-04-16,Photo,,11,3,Morning,6,1661.0
430,262,2023-10-23,Photo,139.0,9,4,Morning,2,283.0
431,28,2023-07-11,Video,110.0,3,0,Night,6,883.0
432,136,2023-05-18,Text,159.0,16,13,Evening,4,1327.0
433,129,2023-10-09,Photo,57.0,25,2,Morning,5,55.0
434,336,2023-02-12,Photo,7.0,6,6,Morning,1,216.0
435,274,2023-08-21,Photo,24.0,3,5,Night,2,1109.0
436,222,2023-11-23,Link,84.0,6,8,Evening,1,1166.0
437,336,2023-04-22,Video,116.0,62,0,Evening,3,1474.0
438,123,2023-12-01,Video,76.0,15,13,Night,0,473.0
439,92,2023-03-03,Link,56.0,7,8,Night,3,314.0
440,11,2023-08-25,Text,194.0,25,8,Morning,3,579.0
441,6,2023-07-14,Link,49.0,15,3,Morning,4,1741.0
442,398,2023-10-28,Video,26.0,21,7,Evening,2,1005.0
443,368,2023-07-08,Photo,61.0,7,4,Afternoon,4,672.0
444,228,2023-08-06,Text,98.0,6,3,Afternoon,3,1175.0
445,22,2023-07-18,Photo,202.0,6,7,Night,3,1120.0
446,215,2023-07-21,Photo,305.0,4,4,Evening,5,3445.0
447,284,2023-12-16,Video,80.0,15,0,Afternoon,1,2167.0
448,115,2023-02-16,Photo,70.0,35,1,Afternoon,6,707.0
449,214,2023-09-12,Photo,196.0,16,4,Night,6,994.0
450,385,2023-11-19,Photo,62.0,29,11,Evening,7,481.0
451,141,2023-08-18,Text,,5,13,Afternoon,3,680.0
452,179,2023-10-12,Photo,194.0,19,9,Evening,0,529.0
453,1,2023-07-10,Photo,195.0,13,1,Night,4,570.0
454,29,2023-01-25,Text,42.0,19,3,Afternoon,4,954.0
455,397,2023-04-20,Photo,95.0,5,2,Morning,1,1124.0
456,298,2023-09-17,Link,65.0,8,2,Morning,3,964.0
457,285,2023-03-10,Photo,174.0,4,0,Evening,5,1809.0
458,350,2023-03-04,Text,25.0,35,0,Evening,5,113.0
459,316,2023-09-19,Photo,97.0,40,0,Afternoon,4,1588.0
460,105,2023-12-05,Photo,111.0,11,4,Evening,2,670.0
461,162,2023-01-18,Link,57.0,5,2,Afternoon,2,553.0
462,40,2023-12-24,Link,245.0,17,1,Evening,3,774.0
463,349,2023-02-05,Text,58.0,6,2,Evening,2,863.0
464,222,2023-11-28,Text,41.0,34,1,Night,4,1708.0
465,52,2023-03-29,Photo,164.0,14,7,Evening,3,555.0
466,64,2023-07-04,Text,,30,0,Morning,3,1795.0
467,4,2023-06-07,Video,17.0,10,0,Morning,3,1498.0
468,367,2023-09-05,Video,90.0,0,5,Night,5,463.0
469,18,2023-10-22,Video,71.0,8,1,Night,1,595.0
470,342,2023-10-17,Photo,143.0,3,5,Night,0,783.0
471,10,2023-02-27,Text,9.0,11,0,Night,4,982.0
472,371,2023-07-31,Photo,116.0,3,1,Afternoon,3,349.0
473,270,2023-12-22,Video,155.0,8,0,Evening,4,
474,374,2023-08-03,Photo,28.0,30,1,Evening,2,1051.0
475,366,2023-10-17,Text,138.0,2,1,Morning,6,50.0
476,351,2023-12-24,Photo,100.0,15,3,Morning,0,1787.0
477,99,2023-05-16,Photo,60.0,10,3,Morning,2,197.0
478,302,2023-10-26,Photo,84.0,3,4,Afternoon,2,1337.0
479,194,2023-11-15,Photo,34.0,34,2,Evening,7,317.0
480,317,2023-09-12,Photo,70.0,28,3,Night,4,745.0
481,386,2023-07-09,Photo,80.0,5,23,Afternoon,2,884.0
482,34,2023-12-16,Photo,70.0,7,1,Morning,3,1707.0
483,349,2023-04-21,Photo,176.0,6,0,Night,1,2119.0
484,326,2023-10-03,Link,101.0,19,9,Morning,3,362.0
485,65,2023-06-29,Photo,172.0,20,2,Afternoon,3,795.0
486,163,2023-03-25,Text,70.0,18,9,Morning,0,501.0
487,176,2023-03-25,Video,126.0,5,2,Evening,3,750.0
488,47,2023-10-29,Video,98.0,18,0,Night,1,804.0
489,218,2023-12-09,Photo,99.0,31,2,Evening,3,1346.0
490,221,2023-03-03,Photo,180.0,27,4,Evening,2,764.0
491,11,2023-05-18,Text,38.0,27,2,Night,2,1236.0
492,190,2023-05-13,Video,104.0,8,3,Morning,2,251.0
493,371,2023-12-18,Video,89.0,15,31,Morning,3,1671.0
494,388,2023-05-26,Video,161.0,32,3,Afternoon,2,860.0
495,86,2023-11-13,Video,122.0,37,5,Morning,4,539.0
496,33,2023-11-15,Text,117.0,33,6,Morning,4,737.0
497,95,2023-03-30,Text,95.0,1,0,Evening,5,263.0
498,330,2023-09-12,Photo,171.0,14,4,Morning,5,829.0
499,181,2023-07-28,Text,200.0,21,16,Morning,2,1587.0
500,284,2023-09-18,Video,69.0,88,6,Evening,4,2873.0
501,23,2023-12-21,Video,93.0,3,2,Night,3,763.0
502,49,2023-09-08,Link,261.0,6,2,Afternoon,3,883.0
503,332,2023-01-21,Video,31.0,14,1,Night,4,923.0
504,221,2023-04-10,Text,,2,4,Night,3,1355.0
505,2,2023-10-02,Video,22.0,5,0,Night,3,351.0
506,77,2023-05-31,Video,110.0,11,1,Night,2,254.0
507,356,2023-11-21,Text,49.0,7,3,Night,0,1826.0
508,111,2023-06-10,Photo,49.0,40,3,Evening,3,1422.0
509,154,2023-08-27,Video,24.0,5,4,Morning,3,612.0
510,145,2023-02-04,Photo,88.0,29,7,Morning,1,1495.0
511,299,2023-11-11,Photo,128.0,3,0,Afternoon,2,
512,97,2023-02-11,Video,32.0,2,1,Night,5,684.0
513,315,2023-05-07,Photo,25.0,22,10,Afternoon,1,709.0
514,377,2023-08-06,Photo,121.0,10,8,Evening,5,407.0
515,214,2023-12-23,Link,12.0,10,8,Evening,1,1345.0
516,322,2023-03-27,Photo,135.0,31,1,Night,1,699.0
517,74,2023-07-22,Video,145.0,16,0,Afternoon,5,529.0
518,295,2023-02-18,Video,62.0,30,3,Night,3,1363.0
519,26,2023-10-24,Photo,54.0,22,10,Night,1,1336.0
520,222,2023-11-29,Text,66.0,9,1,Evening,6,1487.0
521,203,2023-07-25,Video,39.0,23,11,Evening,0,2003.0
522,278,2023-04-15,Photo,53.0,27,0,Morning,3,1119.0
523,344,2023-02-18,Photo,104.0,3,1,Afternoon,3,403.0
524,29,2023-03-12,Photo,119.0,18,1,Evening,5,1449.0
525,115,2023-03-25,Link,50.0,12,0,Afternoon,3,919.0
526,266,2023-06-23,Photo,46.0,14,10,Afternoon,2,72.0
527,110,2023-11-16,Photo,,15,2,Night,6,4356.0
528,153,2023-09-09,Photo,,25,1,Morning,3,936.0
529,118,2023-06-04,Link,100.0,14,0,Afternoon,1,
530,123,2023-10-17,Text,67.0,17,2,Afternoon,2,1465.0
531,205,2023-08-02,Link,39.0,3,0,Afternoon,3,607.0
532,322,2023-07-10,Link,34.0,16,0,Afternoon,4,876.0
533,251,2023-12-24,Link,80.0,9,0,Night,2,1246.0
534,134,2023-04-11,Video,103.0,35,0,Afternoon,3,904.0
535,252,2023-07-14,Video,126.0,14,29,Morning,1,72.0
536,1,2023-06-04,Text,210.0,25,2,Afternoon,3,1109.0
537,284,2023-01-07,Photo,47.0,9,6,Morning,1,1495.0
538,214,2023-05-03,Photo,,30,6,Morning,0,333.0
539,395,2023-10-06,Photo,188.0,33,10,Afternoon,2,864.0
540,124,2023-05-07,Text,32.0,11,0,Night,2,1304.0
541,197,2023-08-04,Photo,44.0,11,3,Morning,2,2087.0
542,20,2023-08-30,Text,140.0,15,1,Evening,7,1112.0
543,332,2023-06-13,Text,171.0,29,3,Morning,2,1167.0
544,347,2023-11-10,Photo,250.0,16,2,Afternoon,0,977.0
545,314,2023-01-11,Photo,231.0,38,1,Night,4,807.0
546,169,2023-09-20,Photo,4.0,6,5,Evening,4,567.0
547,98,2023-11-18,Photo,,17,0,Morning,2,368.0
548,146,2023-10-14,Video,113.0,16,11,Afternoon,4,509.0
549,162,2023-02-15,Video,94.0,3,0,Evening,3,998.0
550,66,2023-11-22,Link,162.0,8,4,Afternoon,4,1100.0
551,245,2023-09-11,Photo,,31,7,Afternoon,3,1788.0
552,359,2023-08-17,Text,82.0,0,0,Afternoon,2,2137.0
553,321,2023-11-05,Video,145.0,3,11,Night,5,638.0
554,126,2023-12-15,Text,34.0,8,2,Evening,3,868.0
555,220,2023-03-09,Photo,45.0,4,28,Evening,6,1085.0
556,361,2023-02-15,Video,109.0,32,0,Evening,1,435.0
557,283,2023-10-20,Photo,109.0,71,6,Night,4,1801.0
558,30,2023-11-28,Photo,259.0,4,0,Afternoon,1,987.0
559,86,2023-06-04,Photo,68.0,31,2,Evening,3,916.0
560,332,2023-10-08,Video,64.0,5,2,Morning,3,1082.0
561,256,2023-01-12,Photo,168.0,0,2,Morning,2,1154.0
562,385,2023-07-07,Text,57.0,11,2,Afternoon,4,325.0
563,225,2023-01-17,Link,121.0,33,7,Evening,4,431.0
564,297,2023-05-08,Video,113.0,28,8,Afternoon,3,426.0
565,240,2023-12-17,Photo,146.0,19,2,Night,2,709.0
566,369,2023-04-29,Text,139.0,3,3,Night,5,1325.0
567,257,2023-01-09,Photo,141.0,26,2,Afternoon,3,1274.0
568,133,2023-07-30,Text,106.0,65,4,Night,4,835.0
569,133,2023-04-28,Video,140.0,24,0,Evening,3,1026.0
570,71,2023-01-29,Photo,65.0,3,8,Night,3,1002.0
571,340,2023-04-27,Photo,61.0,7,7,Afternoon,4,
572,282,2023-05-21,Video,184.0,9,4,Evening,2,909.0
573,305,2023-10-30,Text,176.0,8,6,Afternoon,2,170.0
574,326,2023-08-22,Photo,98.0,5,22,Evening,0,188.0
575,90,2023-05-11,Photo,93.0,16,12,Afternoon,2,
576,317,2023-06-13,Photo,60.0,26,4,Morning,2,1824.0
577,259,2023-07-04,Video,229.0,9,3,Morning,5,2366.0
578,167,2023-09-16,Video,9.0,2,3,Night,4,1338.0
579,78,2023-06-14,Link,232.0,26,3,Afternoon,6,1059.0
580,177,2023-01-20,Text,50.0,0,3,Afternoon,3,1351.0
581,270,2023-11-26,Text,119.0,8,6,Morning,5,788.0
582,20,2023-10-05,Photo,92.0,13,24,Morning,2,144.0
583,137,2023-05-29,Photo,105.0,12,0,Morning,5,582.0
584,191,2023-08-13,Video,231.0,7,1,Afternoon,1,2906.0
585,262,2023-12-02,Photo,65.0,9,1,Night,5,627.0
586,102,2023-04-10,Link,50.0,4,8,Morning,3,1187.0
587,105,2023-01-13,Text,76.0,2,2,Afternoon,3,421.0
588,299,2023-09-08,Photo,49.0,10,3,Evening,5,583.0
589,320,2023-01-08,Text,99.0,9,3,Afternoon,2,732.0
590,97,2023-06-08,Photo,111.0,26,9,Afternoon,2,809.0
591,300,2023-09-18,Photo,102.0,3,3,Night,2,921.0
592,5,2023-05-08,Photo,235.0,17,5,Afternoon,7,993.0
593,141,2023-06-21,Video,53.0,12,0,Morning,3,680.0
594,376,2023-11-03,Text,372.0,5,5,Afternoon,2,586.0
595,143,2023-12-22,Photo,103.0,13,1,Night,7,1053.0
596,237,2023-06-02,Text,20.0,11,10,Evening,1,1209.0
597,375,2023-01-13,Photo,,11,6,Afternoon,5,2372.0
598,184,2023-02-01,Link,133.0,10,0,Evening,4,71.0
599,201,2023-05-14,Link,189.0,10,0,Afternoon,2,332.0
600,346,2023-02-18,Text,104.0,10,1,Evening,2,2268.0
601,30,2023-09-24,Video,34.0,14,0,Evening,3,688.0
602,312,2023-03-12,Photo,32.0,5,6,Morning,0,778.0
603,124,2023-05-23,Photo,116.0,10,21,Evening,2,459.0
604,324,2023-03-09,Video,44.0,23,5,Night,1,416.0
605,125,2023-06-17,Video,21.0,7,1,Afternoon,4,212.0
606,303,2023-09-05,Text,127.0,22,4,Evening,2,1036.0
607,284,2023-12-29,Photo,57.0,7,8,Evening,5,1392.0
608,293,2023-04-14,Video,83.0,38,16,Evening,2,
609,330,2023-08-02,Text,54.0,4,0,Night,5,691.0
610,73,2023-06-07,Photo,233.0,18,3,Morning,2,866.0
611,251,2023-10-02,Text,33.0,2,3,Afternoon,3,1405.0
612,127,2023-04-11,Video,32.0,18,2,Evening,2,
613,292,2023-04-24,Photo,166.0,6,3,Afternoon,1,1231.0
614,385,2023-11-14,Photo,6.0,20,2,Afternoon,3,1275.0
615,222,2023-06-15,Photo,298.0,20,2,Evening,2,2664.0
616,331,2023-01-30,Photo,113.0,18,0,Morning,2,560.0
617,153,2023-02-01,Video,155.0,13,3,Morning,1,317.0
618,331,2023-12-05,Link,89.0,7,8,Afternoon,2,1412.0
619,297,2023-04-26,Link,31.0,16,0,Morning,4,1087.0
620,183,2023-04-11,Photo,122.0,34,6,Morning,4,928.0
621,69,2023-12-31,Link,200.0,4,1,Evening,1,1519.0
622,219,2023-03-28,Link,38.0,5,2,Morning,2,1676.0
623,57,2023-01-12,Photo,75.0,5,22,Evening,3,1579.0
624,3,2023-09-22,Link,44.0,1,5,Morning,1,388.0
625,392,2023-09-30,Link,132.0,19,6,Night,1,1027.0
626,304,2023-12-27,Text,118.0,5,4,Night,4,1265.0
627,59,2023-03-01,Photo,271.0,22,1,Evening,2,833.0
628,369,2023-09-17,Video,48.0,6,5,Night,6,2286.0
629,292,2023-05-17,Photo,,7,3,Afternoon,1,542.0
630,183,2023-09-24,Link,112.0,27,8,Afternoon,3,1850.0
631,79,2023-08-23,Photo,151.0,4,4,Evening,1,1222.0
632,333,2023-09-12,Link,48.0,3,7,Morning,1,740.0
633,169,2023-11-13,Photo,15.0,51,9,Evening,3,551.0
634,74,2023-12-15,Photo,76.0,9,8,Morning,4,2239.0
635,59,2023-08-14,Link,84.0,7,2,Morning,3,174.0
636,162,2023-04-08,Link,259.0,12,2,Afternoon,1,844.0
637,30,2023-10-04,Photo,44.0,2,10,Afternoon,6,580.0
638,89,2023-01-25,Link,127.0,2,0,Morning,4,721.0
639,318,2023-03-03,Link,22.0,26,1,Evening,2,810.0
640,70,2023-03-25,Link,57.0,3,0,Night,4,278.0
641,311,2023-01-24,Video,39.0,14,0,Evening,0,465.0
642,357,2023-07-16,Link,114.0,17,4,Morning,2,1086.0
643,100,2023-03-07,Text,81.0,7,11,Night,2,827.0
644,96,2023-09-07,Link,95.0,11,0,Evening,3,682.0
645,278,2023-09-22,Photo,43.0,5,7,Afternoon,3,477.0
646,375,2023-08-23,Video,13.0,43,2,Morning,6,537.0
647,353,2023-05-16,Link,50.0,5,4,Night,3,407.0
648,22,2023-05-06,Video,126.0,17,7,Evening,6,1481.0
649,356,2023-04-06,Text,139.0,2,6,Morning,6,612.0
650,82,2023-11-10,Link,98.0,16,0,Morning,3,229.0
651,220,2023-11-23,Text,137.0,11,0,Afternoon,2,1524.0
652,397,2023-02-07,Photo,37.0,27,12,Evening,3,861.0
653,279,2023-05-28,Photo,106.0,10,0,Morning,1,640.0
654,74,2023-02-16,Photo,162.0,2,1,Morning,1,691.0
655,66,2023-03-20,Text,25.0,5,2,Evening,4,2830.0
656,270,2023-01-28,Photo,53.0,46,8,Night,7,1294.0
657,147,2023-10-05,Photo,60.0,7,4,Evening,1,2072.0
658,325,2023-08-20,Photo,38.0,0,4,Evening,2,375.0
659,250,2023-04-23,Link,22.0,8,5,Evening,3,897.0
660,176,2023-06-28,Photo,191.0,7,8,Morning,4,866.0
661,96,2023-10-07,Photo,123.0,3,1,Evening,7,75.0
662,378,2023-08-14,Video,,7,0,Morning,5,620.0
663,330,2023-03-14,Photo,46.0,23,0,Morning,3,186.0
664,133,2023-03-02,Photo,23.0,9,0,Evening,2,647.0
665,206,2023-01-02,Photo,49.0,2,0,Afternoon,4,1335.0
666,234,2023-12-31,Video,156.0,5,6,Afternoon,4,2274.0
667,171,2023-03-30,Photo,220.0,19,10,Afternoon,3,440.0
668,331,2023-01-04,Link,196.0,14,6,Morning,1,2330.0
669,167,2023-08-20,Photo,48.0,11,1,Morning,4,1179.0
670,358,2023-02-27,Link,28.0,18,4,Night,3,1636.0
671,315,2023-05-07,Text,64.0,5,3,Afternoon,2,701.0
672,237,2023-09-26,Text,85.0,30,8,Evening,2,233.0
673,238,2023-08-09,Photo,96.0,40,14,Night,4,586.0
674,94,2023-08-12,Text,62.0,10,6,Night,4,1073.0
675,180,2023-06-04,Text,39.0,36,3,Morning,4,2578.0
676,350,2023-01-30,Video,189.0,18,3,Evening,1,2172.0
677,239,2023-04-20,Video,114.0,6,8,Morning,0,
678,203,2023-12-25,Photo,73.0,1,0,Afternoon,0,2364.0
679,214,2023-09-09,Video,52.0,13,0,Afternoon,4,1057.0
680,266,2023-11-14,Photo,45.0,5,2,Evening,3,1024.0
681,107,2023-07-12,Link,236.0,19,6,Night,2,526.0
682,339,2023-01-11,Text,8.0,6,0,Evening,2,469.0
683,374,2023-12-09,Photo,,7,2,Morning,1,1919.0
684,271,2023-01-17,Video,199.0,21,1,Morning,2,2593.0
685,316,2023-06-04,Video,97.0,8,3,Night,2,407.0
686,35,2023-04-27,Photo,156.0,1,3,Morning,0,320.0
687,35,2023-08-17,Text,147.0,14,6,Morning,3,907.0
688,1,2023-10-18,Photo,164.0,40,4,Evening,5,286.0
689,47,2023-07-06,Video,412.0,5,11,Afternoon,1,1071.0
690,109,2023-06-10,Video,150.0,8,0,Evening,3,702.0
691,111,2023-02-24,Photo,18.0,16,2,Evening,2,1492.0
692,245,2023-07-27,Photo,274.0,12,2,Night,6,1496.0
693,274,2023-11-27,Text,132.0,27,0,Night,2,510.0
694,26,2023-02-21,Photo,150.0,32,0,Night,5,1409.0
695,316,2023-01-19,Text,30.0,15,2,Afternoon,2,1220.0
696,146,2023-08-30,Text,75.0,10,6,Evening,3,730.0
697,319,2023-07-07,Photo,,8,0,Evening,2,584.0
698,41,2023-01-10,Photo,87.0,10,1,Morning,1,1834.0
699,210,2023-11-18,Text,90.0,31,5,Evening,5,670.0
700,43,2023-01-07,Video,192.0,4,4,Night,5,418.0
701,224,2023-03-31,Text,10.0,30,0,Night,4,855.0
702,294,2023-06-17,Photo,21.0,8,14,Evening,2,1765.0
703,250,2023-07-17,Text,24.0,37,0,Evening,2,3660.0
704,155,2023-01-11,Photo,86.0,3,0,Evening,4,222.0
705,177,2023-02-21,Link,75.0,30,1,Evening,2,2426.0
706,312,2023-12-22,Text,106.0,11,0,Morning,2,1188.0
707,177,2023-05-20,Video,18.0,43,0,Night,2,342.0
708,212,2023-08-08,Video,71.0,3,4,Morning,3,768.0
709,188,2023-07-09,Photo,55.0,27,11,Night,2,735.0
710,383,2023-11-25,Photo,192.0,16,2,Night,2,488.0
711,355,2023-05-31,Video,35.0,18,1,Afternoon,4,3131.0
712,87,2023-10-23,Text,67.0,11,12,Night,1,737.0
713,312,2023-07-17,Link,112.0,12,0,Night,2,299.0
714,204,2023-11-02,Text,51.0,8,3,Evening,3,1701.0
715,117,2023-03-05,Video,283.0,0,1,Evening,3,743.0
716,227,2023-05-27,Text,146.0,11,2,Morning,3,601.0
717,62,2023-07-31,Photo,122.0,21,2,Afternoon,4,837.0
718,100,2023-10-01,Video,114.0,35,3,Night,2,1282.0
719,170,2023-04-07,Video,55.0,8,3,Night,6,935.0
720,374,2023-04-03,Link,8.0,0,22,Evening,2,926.0
721,156,2023-11-25,Photo,95.0,10,0,Morning,5,2005.0
722,37,2023-10-27,Photo,84.0,7,7,Morning,3,1749.0
723,276,2023-11-10,Photo,48.0,1,0,Evening,2,300.0
724,35,2023-03-03,Text,176.0,35,2,Evening,3,1552.0
725,327,2023-04-01,Photo,105.0,14,1,Night,3,1100.0
726,354,2023-11-05,Link,9.0,5,14,Afternoon,5,190.0
727,262,2023-12-25,Video,89.0,4,6,Morning,2,187.0
728,19,2023-03-02,Photo,87.0,20,3,Morning,2,232.0
729,362,2023-11-02,Text,89.0,42,15,Evening,3,1592.0
730,8,2023-02-23,Video,23.0,27,6,Evening,4,505.0
731,272,2023-10-25,Text,85.0,27,15,Morning,3,142.0
732,373,2023-07-06,Text,57.0,10,6,Afternoon,1,370.0
733,366,2023-09-21,Text,41.0,0,0,Night,3,1848.0
734,24,2023-08-26,Link,22.0,6,4,Night,4,1249.0
735,141,2023-09-26,Text,163.0,38,19,Morning,1,50.0
736,119,2023-07-18,Text,311.0,6,1,Afternoon,5,1208.0
737,9,2023-12-01,Link,228.0,4,7,Night,3,473.0
738,168,2023-12-24,Photo,38.0,5,1,Night,2,311.0
739,263,2023-10-26,Link,179.0,10,3,Afternoon,1,585.0
740,208,2023-09-05,Photo,69.0,8,0,Afternoon,4,171.0
741,288,2023-09-13,Photo,9.0,17,2,Morning,3,327.0
742,60,2023-06-08,Text,59.0,12,7,Evening,3,114.0
743,349,2023-11-29,Video,89.0,8,0,Evening,2,3464.0
744,363,2023-10-22,Video,102.0,13,1,Night,4,697.0
745,51,2023-04-04,Photo,100.0,31,4,Morning,5,2082.0
746,40,2023-07-02,Photo,30.0,9,14,Afternoon,0,1408.0
747,371,2023-01-19,Photo,52.0,19,1,Morning,4,1503.0
748,335,2023-07-15,Photo,107.0,6,0,Evening,3,466.0
749,267,2023-03-06,Video,48.0,4,1,Afternoon,7,355.0
750,329,2023-10-23,Text,40.0,15,1,Morning,7,564.0
751,16,2023-12-18,Text,38.0,1,5,Night,4,432.0
752,281,2023-07-23,Photo,22.0,5,33,Morning,4,1989.0
753,202,2023-03-17,Link,36.0,9,3,Morning,1,1177.0
754,394,2023-07-31,Photo,116.0,7,1,Afternoon,4,153.0
755,84,2023-09-02,Photo,61.0,27,6,Afternoon,7,855.0
756,297,2023-04-23,Link,81.0,7,0,Night,6,799.0
757,380,2023-01-30,Video,95.0,32,0,Night,5,832.0
758,65,2023-09-04,Link,,10,4,Morning,4,2741.0
759,160,2023-08-24,Photo,311.0,1,1,Evening,5,1041.0
760,104,2023-06-26,Text,55.0,9,2,Evening,5,508.0
761,351,2023-04-03,Photo,68.0,3,1,Night,2,
762,176,2023-06-18,Link,44.0,18,12,Afternoon,5,456.0
763,54,2023-03-27,Photo,262.0,0,2,Evening,4,2354.0
764,125,2023-04-19,Photo,238.0,54,2,Night,4,196.0
765,75,2023-11-01,Photo,8.0,25,1,Morning,2,910.0
766,122,2023-06-06,Video,34.0,5,0,Afternoon,7,693.0
767,41,2023-05-09,Photo,59.0,5,3,Morning,3,860.0
768,339,2023-10-14,Link,153.0,13,10,Morning,3,2549.0
769,370,2023-10-10,Link,75.0,6,2,Afternoon,3,563.0
770,61,2023-10-18,Text,164.0,3,7,Morning,4,642.0
771,135,2023-01-08,Text,122.0,2,0,Evening,3,310.0
772,102,2023-02-09,Link,51.0,10,1,Morning,6,1670.0
773,53,2023-07-19,Link,250.0,2,0,Morning,2,322.0
774,228,2023-05-14,Link,9.0,36,2,Evening,1,502.0
775,353,2023-05-23,Link,310.0,13,11,Night,1,1608.0
776,100,2023-10-04,Photo,7.0,38,2,Afternoon,3,1096.0
777,317,2023-07-17,Photo,121.0,25,4,Afternoon,3,1448.0
778,349,2023-11-06,Video,112.0,15,11,Evening,3,495.0
779,35,2023-12-11,Photo,34.0,1,2,Morning,2,1049.0
780,259,2023-08-18,Photo,88.0,3,2,Evening,3,318.0
781,366,2023-04-01,Text,82.0,19,0,Afternoon,3,702.0
782,320,2023-04-16,Video,158.0,13,2,Afternoon,2,138.0
783,139,2023-03-28,Text,224.0,12,6,Night,4,2824.0
784,390,2023-10-02,Link,67.0,10,9,Morning,4,1103.0
785,130,2023-04-02,Text,96.0,1,6,Evening,3,491.0
786,296,2023-09-13,Video,83.0,14,0,Morning,2,1081.0
787,383,2023-02-03,Photo,35.0,9,0,Afternoon,4,1458.0
788,106,2023-02-27,Photo,114.0,7,6,Afternoon,4,1697.0
789,399,2023-07-18,Photo,327.0,24,14,Morning,3,411.0
790,99,2023-08-31,Photo,,9,5,Morning,2,1121.0
791,262,2023-09-17,Photo,8.0,10,1,Afternoon,3,1051.0
792,354,2023-06-27,Text,130.0,58,0,Evening,4,2442.0
793,21,2023-01-21,Text,66.0,6,10,Afternoon,5,524.0
794,224,2023-03-01,Video,179.0,11,0,Morning,3,332.0
795,183,2023-06-20,Link,86.0,19,0,Evening,2,
796,340,2023-02-14,Photo,67.0,15,4,Night,4,1201.0
797,355,2023-02-11,Video,,6,1,Morning,4,704.0
798,191,2023-06-26,Photo,25.0,5,1,Morning,4,2096.0
799,393,2023-07-15,Link,77.0,7,0,Night,1,699.0
800,308,2023-01-03,Video,80.0,7,14,Night,0,1533.0
801,293,2023-10-22,Photo,70.0,23,0,Evening,3,362.0
802,198,2023-02-17,Photo,35.0,20,13,Afternoon,2,1103.0
803,245,2023-05-29,Text,21.0,4,1,Night,4,2355.0
804,9,2023-08-18,Photo,70.0,18,8,Morning,5,1516.0
805,123,2023-01-18,Link,191.0,5,14,Morning,2,418.0
806,32,2023-08-31,Photo,102.0,18,3,Afternoon,3,316.0
807,358,2023-04-16,Photo,190.0,43,7,Afternoon,2,1046.0
808,112,2023-06-12,Photo,49.0,7,1,Evening,3,1061.0
809,212,2023-02-01,Video,88.0,7,2,Afternoon,5,1350.0
810,259,2023-05-02,Video,98.0,37,4,Afternoon,4,1463.0
811,398,2023-04-13,Video,224.0,6,9,Morning,0,266.0
812,277,2023-07-05,Video,120.0,18,4,Morning,4,187.0
813,328,2023-08-11,Video,276.0,15,0,Afternoon,6,1080.0
814,116,2023-12-16,Photo,118.0,16,1,Evening,6,853.0
815,238,2023-02-15,Photo,10.0,6,10,Night,5,174.0
816,175,2023-05-06,Video,122.0,7,1,Night,4,518.0
817,21,2023-05-28,Video,192.0,16,2,Evening,0,100.0
818,298,2023-12-26,Photo,58.0,6,2,Morning,5,
819,352,2023-01-26,Text,129.0,17,0,Night,2,897.0
820,145,2023-05-19,Text,101.0,14,2,Evening,2,2152.0
821,40,2023-07-13,Photo,77.0,11,8,Night,3,
822,58,2023-12-25,Video,,14,9,Evening,3,535.0
823,115,2023-08-04,Link,46.0,9,4,Morning,3,1403.0
824,388,2023-12-16,Photo,105.0,8,5,Afternoon,0,1439.0
825,42,2023-02-06,Text,53.0,4,3,Afternoon,5,280.0
826,343,2023-08-03,Video,,8,0,Morning,2,1493.0
827,313,2023-06-24,Video,192.0,2,5,Morning,2,1382.0
828,36,2023-04-24,Text,12.0,37,28,Morning,4,
829,253,2023-10-30,Video,49.0,7,1,Afternoon,0,511.0
830,52,2023-06-03,Photo,62.0,5,20,Evening,3,904.0
831,345,2023-10-08,Link,17.0,4,30,Afternoon,4,971.0
832,10,2023-10-04,Text,76.0,7,0,Afternoon,3,1008.0
833,152,2023-10-26,Video,155.0,37,13,Morning,5,1537.0
834,370,2023-10-06,Video,104.0,31,5,Evening,4,518.0
835,334,2023-03-06,Video,28.0,1,3,Night,6,1080.0
836,148,2023-11-13,Text,34.0,18,2,Afternoon,2,941.0
837,366,2023-11-26,Photo,100.0,6,4,Evening,4,89.0
838,52,2023-03-30,Link,,61,9,Night,3,475.0
839,247,2023-03-27,Photo,92.0,27,0,Evening,3,1583.0
840,270,2023-08-27,Video,94.0,3,3,Morning,3,256.0
841,73,2023-07-19,Photo,150.0,4,5,Evening,5,951.0
842,250,2023-04-15,Text,279.0,37,0,Afternoon,3,90.0
843,162,2023-03-05,Photo,93.0,20,10,Night,8,128.0
844,84,2023-07-23,Video,91.0,17,15,Night,6,1970.0
845,323,2023-06-25,Link,12.0,2,4,Night,2,604.0
846,112,2023-02-08,Video,30.0,4,0,Evening,2,657.0
847,103,2023-05-20,Photo,156.0,6,13,Night,6,525.0
848,12,2023-05-19,Photo,118.0,19,8,Night,3,138.0
849,298,2023-02-17,Video,61.0,6,0,Morning,2,747.0
850,227,2023-05-16,Photo,187.0,2,4,Afternoon,2,1963.0
851,232,2023-11-03,Photo,30.0,19,0,Night,3,477.0
852,137,2023-04-11,Video,64.0,6,0,Evening,2,326.0
853,382,2023-08-29,Photo,72.0,2,1,Afternoon,3,2751.0
854,51,2023-07-27,Photo,178.0,24,2,Night,3,201.0
855,37,2023-07-29,Video,73.0,11,10,Afternoon,2,791.0
856,150,2023-04-18,Photo,240.0,4,0,Night,5,1150.0
857,137,2023-12-07,Photo,129.0,15,5,Night,5,387.0
858,116,2023-03-09,Video,55.0,3,16,Night,2,620.0
859,63,2023-03-12,Photo,98.0,5,5,Morning,5,1533.0
860,341,2023-04-08,Photo,41.0,5,8,Afternoon,3,720.0
861,329,2023-04-19,Text,,11,11,Morning,0,1135.0
862,396,2023-06-13,Video,104.0,19,6,Morning,4,421.0
863,283,2023-12-23,Photo,49.0,9,5,Evening,5,
864,116,2023-10-13,Video,43.0,21,0,Night,1,684.0
865,303,2023-03-31,Link,214.0,3,3,Morning,3,1505.0
866,329,2023-03-16,Link,277.0,17,3,Evening,2,1822.0
867,284,2023-01-29,Video,105.0,25,3,Afternoon,4,733.0
868,35,2023-01-03,Photo,68.0,23,2,Afternoon,1,708.0
869,363,2023-11-14,Video,,3,11,Morning,5,1688.0
870,166,2023-01-11,Photo,,64,10,Evening,1,1283.0
871,96,2023-03-14,Video,17.0,7,0,Night,6,1156.0
872,169,2023-08-06,Link,9.0,10,3,Afternoon,3,176.0
873,323,2023-04-28,Video,88.0,0,16,Evening,5,369.0
874,184,2023-07-06,Video,110.0,25,4,Afternoon,1,230.0
875,137,2023-09-13,Photo,,14,8,Night,2,1239.0
876,387,2023-03-13,Photo,76.0,22,2,Evening,1,184.0
877,51,2023-08-01,Link,,25,2,Night,2,212.0
878,228,2023-03-13,Photo,106.0,4,1,Morning,2,1396.0
879,77,2023-10-25,Photo,71.0,25,0,Night,2,
880,226,2023-11-07,Video,38.0,17,12,Afternoon,5,431.0
881,208,2023-09-19,Text,34.0,27,2,Morning,1,2142.0
882,163,2023-10-04,Photo,185.0,27,2,Night,6,61.0
883,16,2023-09-05,Video,73.0,1,7,Morning,4,175.0
884,168,2023-03-28,Photo,99.0,15,3,Night,2,1382.0
885,325,2023-07-29,Video,82.0,15,2,Evening,3,441.0
886,8,2023-08-07,Photo,28.0,7,10,Morning,2,306.0
887,161,2023-05-11,Video,189.0,15,8,Night,2,637.0
888,222,2023-09-07,Photo,115.0,4,18,Morning,3,2033.0
889,386,2023-09-25,Text,62.0,13,5,Night,4,578.0
890,166,2023-03-25,Video,146.0,2,5,Night,1,363.0
891,312,2023-01-19,Link,25.0,22,1,Morning,2,961.0
892,230,2023-01-23,Video,107.0,7,0,Morning,1,867.0
893,20,2023-02-20,Photo,104.0,17,0,Evening,2,1613.0
894,52,2023-09-25,Video,131.0,18,5,Evening,1,3041.0
895,393,2023-04-02,Text,,23,0,Morning,7,1896.0
896,321,2023-07-04,Photo,23.0,13,11,Afternoon,3,1496.0
897,66,2023-10-17,Video,8.0,19,6,Night,4,791.0
898,275,2023-09-07,Photo,44.0,7,1,Morning,3,655.0
899,233,2023-03-21,Text,60.0,52,1,Morning,2,472.0
900,352,2023-11-15,Link,95.0,5,6,Night,1,300.0
901,276,2023-05-12,Photo,59.0,7,8,Afternoon,5,588.0
902,363,2023-08-22,Text,175.0,12,9,Afternoon,3,1285.0
903,308,2023-11-06,Photo,146.0,27,4,Morning,2,724.0
904,142,2023-01-06,Photo,68.0,14,0,Evening,5,542.0
905,122,2023-10-17,Video,207.0,10,8,Evening,4,828.0
906,205,2023-03-09,Photo,236.0,9,7,Afternoon,3,
907,91,2023-01-13,Video,164.0,38,9,Night,2,831.0
908,122,2023-07-20,Video,221.0,9,0,Morning,2,645.0
909,187,2023-10-20,Photo,71.0,18,5,Morning,2,1170.0
910,80,2023-07-25,Photo,32.0,21,16,Morning,2,628.0
911,156,2023-08-17,Photo,503.0,31,1,Night,5,1559.0
912,399,2023-07-30,Link,89.0,29,6,Night,3,469.0
913,259,2023-11-12,Video,67.0,14,1,Morning,3,
914,127,2023-09-26,Link,,0,1,Morning,2,3692.0
915,371,2023-04-05,Video,32.0,3,3,Night,2,948.0
916,4,2023-06-21,Photo,112.0,8,11,Afternoon,3,87.0
917,213,2023-10-11,Video,107.0,16,0,Evening,2,703.0
918,69,2023-05-09,Video,146.0,2,22,Afternoon,1,403.0
919,361,2023-01-08,Video,303.0,7,7,Afternoon,1,
920,231,2023-11-19,Photo,65.0,18,2,Morning,5,1017.0
921,279,2023-09-07,Text,21.0,9,2,Afternoon,6,480.0
922,397,2023-03-08,Video,57.0,20,3,Morning,1,1293.0
923,60,2023-10-01,Photo,104.0,9,10,Night,6,842.0
924,283,2023-02-04,Text,158.0,44,0,Afternoon,4,176.0
925,119,2023-10-27,Video,18.0,12,3,Morning,0,596.0
926,306,2023-04-08,Video,30.0,2,0,Evening,3,2643.0
927,268,2023-05-07,Text,10.0,4,0,Morning,5,507.0
928,138,2023-03-26,Photo,38.0,9,5,Morning,4,508.0
929,49,2023-07-30,Link,21.0,14,1,Evening,2,1604.0
930,230,2023-02-12,Photo,76.0,6,0,Morning,4,50.0
931,220,2023-08-28,Photo,198.0,2,0,Morning,4,737.0
932,363,2023-10-29,Text,177.0,30,1,Evening,2,736.0
933,35,2023-02-09,Photo,36.0,16,7,Morning,3,1250.0
934,182,2023-08-10,Text,35.0,23,4,Afternoon,4,431.0
935,120,2023-11-08,Photo,87.0,8,6,Morning,1,680.0
936,276,2023-06-04,Video,50.0,5,2,Afternoon,4,919.0
937,268,2023-05-28,Photo,206.0,5,0,Evening,4,1139.0
938,259,2023-07-25,Text,134.0,13,8,Afternoon,2,544.0
939,258,2023-11-09,Photo,37.0,9,0,Evening,5,2522.0
940,278,2023-01-12,Link,98.0,11,2,Morning,2,50.0
941,291,2023-08-29,Photo,40.0,2,1,Morning,2,464.0
942,237,2023-01-23,Video,14.0,11,1,Evening,5,733.0
943,244,2023-01-12,Photo,125.0,15,4,Afternoon,2,913.0
944,9,2023-04-27,Link,76.0,57,0,Afternoon,0,1840.0
945,343,2023-04-18,Text,415.0,10,2,Afternoon,2,1210.0
946,254,2023-06-21,Video,136.0,13,5,Afternoon,2,285.0
947,273,2023-02-08,Link,175.0,1,10,Morning,6,1020.0
948,142,2023-02-11,Link,21.0,0,2,Afternoon,2,1920.0
949,244,2023-08-10,Video,15.0,17,1,Night,3,801.0
950,104,2023-02-17,Photo,,17,2,Evening,8,1872.0
951,186,2023-12-13,Video,87.0,1,3,Afternoon,5,65.0
952,36,2023-12-10,Photo,24.0,47,1,Evening,3,1258.0
953,161,2023-11-19,Video,84.0,14,1,Evening,2,1654.0
954,64,2023-02-04,Link,23.0,37,2,Morning,0,566.0
955,141,2023-09-13,Photo,110.0,13,7,Evening,3,159.0
956,162,2023-12-19,Text,196.0,0,1,Afternoon,5,1456.0
957,389,2023-10-20,Link,66.0,15,9,Night,3,282.0
958,133,2023-09-29,Text,60.0,5,1,Afternoon,2,532.0
959,111,2023-01-18,Video,114.0,7,4,Morning,1,1511.0
960,200,2023-08-12,Video,174.0,5,17,Afternoon,6,
961,274,2023-05-07,Text,12.0,2,15,Evening,6,4493.0
962,89,2023-11-28,Photo,262.0,18,2,Night,6,758.0
963,18,2023-10-25,Text,156.0,22,0,Afternoon,3,958.0
964,340,2023-01-02,Video,131.0,9,11,Evening,2,1448.0
965,276,2023-02-22,Photo,97.0,9,0,Afternoon,1,282.0
966,359,2023-08-06,Text,137.0,13,12,Night,1,690.0
967,360,2023-03-01,Photo,40.0,41,6,Afternoon,3,238.0
968,381,2023-02-04,Link,87.0,8,13,Afternoon,4,180.0
969,340,2023-06-10,Text,47.0,12,5,Evening,2,1695.0
970,365,2023-10-24,Video,68.0,3,26,Night,5,820.0
971,260,2023-07-10,Video,83.0,1,3,Evening,5,857.0
972,22,2023-12-11,Photo,110.0,5,1,Morning,3,1108.0
973,383,2023-09-17,Video,54.0,42,2,Evening,2,345.0
974,217,2023-10-04,Text,28.0,2,2,Night,4,1442.0
975,341,2023-04-22,Photo,141.0,9,2,Evening,3,1055.0
976,201,2023-05-12,Photo,41.0,8,10,Afternoon,1,1143.0
977,265,2023-04-05,Text,191.0,10,4,Night,4,361.0
978,187,2023-11-08,Video,36.0,28,6,Night,1,946.0
979,289,2023-08-29,Video,64.0,43,1,Afternoon,0,1311.0
980,361,2023-09-17,Photo,140.0,13,22,Morning,1,601.0
981,263,2023-05-12,Video,30.0,12,1,Morning,2,733.0
982,66,2023-08-24,Text,57.0,3,0,Morning,4,717.0
983,97,2023-09-16,Video,110.0,0,7,Afternoon,3,553.0
984,291,2023-09-01,Photo,109.0,24,9,Morning,1,1002.0
985,93,2023-02-24,Photo,159.0,14,2,Afternoon,5,724.0
986,160,2023-07-16,Video,138.0,4,3,Night,3,564.0
987,257,2023-03-24,Text,99.0,39,2,Afternoon,2,2524.0
988,117,2023-12-24,Photo,86.0,5,1,Morning,2,751.0
989,351,2023-10-15,Video,196.0,36,8,Evening,4,280.0
990,180,2023-11-10,Video,158.0,17,7,Morning,5,947.0
991,35,2023-07-10,Photo,241.0,6,3,Night,7,914.0
992,296,2023-08-05,Photo,194.0,2,3,Night,6,990.0
993,295,2023-09-02,Video,12.0,12,0,Night,5,2551.0
994,20,2023-09-23,Text,116.0,0,5,Morning,0,75.0
995,353,2023-02-01,Video,34.0,13,12,Afternoon,3,1365.0
996,215,2023-09-18,Text,28.0,21,6,Afternoon,3,445.0
997,387,2023-06-06,Video,25.0,1,3,Evening,6,699.0
998,53,2023-05-15,Text,113.0,10,0,Afternoon,2,246.0
999,140,2023-09-15,Text,39.0,7,13,Evening,2,1468.0
1000,136,2023-09-23,Text,75.0,35,1,Night,2,755.0
1001,169,2023-02-22,Video,92.0,5,1,Evening,5,1061.0
1002,367,2023-11-08,Link,177.0,12,3,Evening,5,1931.0
1003,122,2023-02-09,Photo,20.0,0,2,Evening,4,318.0
1004,139,2023-07-05,Photo,202.0,1,16,Morning,5,1048.0
1005,26,2023-09-04,Text,27.0,15,0,Night,6,3271.0
1006,215,2023-03-17,Text,25.0,22,5,Morning,4,1763.0
1007,38,2023-04-02,Text,95.0,7,0,Night,3,339.0
1008,133,2023-08-09,Link,61.0,2,1,Morning,0,2111.0
1009,288,2023-07-24,Video,23.0,12,6,Morning,4,835.0
1010,197,2023-04-24,Link,13.0,6,8,Night,4,2437.0
1011,112,2023-03-23,Photo,106.0,32,3,Night,1,1592.0
1012,143,2023-08-15,Link,318.0,11,7,Afternoon,5,680.0
1013,363,2023-01-22,Video,90.0,24,13,Evening,2,1587.0
1014,308,2023-07-28,Photo,51.0,27,13,Night,2,197.0
1015,369,2023-09-29,Text,83.0,3,2,Afternoon,1,368.0
1016,382,2023-11-21,Photo,17.0,5,1,Morning,4,1473.0
1017,28,2023-05-08,Photo,175.0,1,6,Evening,0,251.0
1018,147,2023-12-08,Photo,83.0,1,5,Evening,4,694.0
1019,310,2023-09-05,Photo,,13,2,Afternoon,3,1071.0
1020,378,2023-09-30,Text,52.0,18,1,Morning,5,1132.0
1021,81,2023-07-08,Video,,36,4,Night,3,1797.0
1022,15,2023-11-27,Link,81.0,18,2,Afternoon,3,518.0
1023,269,2023-10-27,Video,122.0,5,0,Evening,2,1633.0
1024,215,2023-08-16,Text,68.0,13,5,Morning,2,1502.0
1025,23,2023-10-24,Link,39.0,19,5,Morning,2,495.0
1026,336,2023-08-24,Photo,52.0,8,2,Afternoon,0,132.0
1027,190,2023-08-22,Photo,149.0,3,8,Afternoon,3,596.0
1028,281,2023-12-26,Photo,154.0,1,0,Afternoon,3,497.0
1029,160,2023-07-02,Link,107.0,2,3,Morning,3,290.0
1030,149,2023-09-16,Text,28.0,8,15,Night,5,894.0
1031,385,2023-04-01,Photo,122.0,12,1,Night,2,3257.0
1032,284,2023-04-19,Photo,121.0,3,0,Evening,1,916.0
1033,91,2023-08-28,Text,122.0,10,2,Morning,1,2847.0
1034,116,2023-01-13,Video,45.0,2,1,Night,1,3704.0
1035,219,2023-06-28,Photo,58.0,27,1,Morning,2,463.0
1036,140,2023-07-01,Text,118.0,5,14,Morning,5,543.0
1037,20,2023-05-26,Link,,7,2,Morning,3,1588.0
1038,364,2023-10-23,Photo,40.0,30,0,Afternoon,8,741.0
1039,339,2023-04-07,Photo,138.0,4,11,Night,2,360.0
1040,307,2023-07-28,Text,109.0,14,2,Afternoon,5,884.0
1041,85,2023-02-13,Video,88.0,16,6,Evening,5,1341.0
1042,101,2023-08-22,Link,57.0,14,2,Morning,1,1605.0
1043,202,2023-04-03,Link,149.0,10,13,Morning,0,1227.0
1044,333,2023-05-16,Photo,102.0,11,1,Evening,6,1057.0
1045,25,2023-06-13,Text,56.0,39,5,Night,3,761.0
1046,371,2023-01-29,Text,190.0,0,8,Morning,1,
1047,31,2023-08-05,Photo,176.0,0,1,Morning,3,2145.0
1048,207,2023-01-30,Photo,68.0,25,8,Night,5,599.0
1049,168,2023-09-05,Video,40.0,18,7,Evening,5,757.0
1050,343,2023-08-08,Video,202.0,13,16,Evening,3,1495.0
1051,67,2023-02-16,Video,71.0,11,12,Night,1,443.0
1052,191,2023-06-11,Photo,83.0,5,2,Night,1,2752.0
1053,11,2023-05-24,Video,199.0,24,4,Evening,2,866.0
1054,165,2023-09-05,Photo,81.0,12,12,Evening,6,467.0
1055,140,2023-03-15,Link,149.0,5,0,Morning,4,1120.0
1056,262,2023-01-29,Photo,12.0,16,4,Evening,4,1344.0
1057,326,2023-09-07,Link,46.0,9,1,Evening,3,671.0
1058,213,2023-05-01,Photo,35.0,6,6,Afternoon,3,814.0
1059,345,2023-01-15,Video,144.0,6,7,Afternoon,3,999.0
1060,47,2023-08-08,Photo,156.0,71,6,Evening,1,834.0
1061,36,2023-11-03,Text,43.0,1,27,Night,3,206.0
1062,82,2023-11-08,Text,145.0,16,3,Evening,4,320.0
1063,44,2023-06-19,Text,114.0,8,4,Night,3,867.0
1064,231,2023-06-24,Video,83.0,16,2,Afternoon,2,387.0
1065,87,2023-11-16,Photo,51.0,73,18,Night,1,
1066,35,2023-04-27,Video,14.0,38,12,Evening,2,3019.0
1067,349,2023-12-15,Link,350.0,13,21,Afternoon,4,1294.0
1068,317,2023-01-02,Video,7.0,43,20,Afternoon,3,181.0
1069,209,2023-02-01,Link,34.0,22,11,Afternoon,1,51.0
1070,166,2023-11-06,Photo,60.0,20,13,Morning,5,525.0
1071,180,2023-10-25,Text,288.0,10,0,Afternoon,3,1123.0
1072,2,2023-06-07,Text,58.0,29,0,Night,2,1476.0
1073,367,2023-09-22,Text,39.0,18,10,Night,4,173.0
1074,195,2023-10-02,Text,92.0,7,6,Evening,5,
1075,353,2023-05-14,Video,88.0,23,10,Evening,0,254.0
1076,23,2023-12-20,Text,74.0,8,7,Afternoon,4,76.0
1077,26,2023-09-14,Link,56.0,2,0,Morning,1,982.0
1078,30,2023-09-19,Video,192.0,3,12,Evening,7,900.0
1079,275,2023-04-09,Link,109.0,17,7,Night,2,1162.0
1080,167,2023-06-06,Photo,69.0,22,4,Night,3,855.0
1081,90,2023-07-13,Photo,48.0,8,3,Afternoon,3,117.0
1082,224,2023-03-15,Video,9.0,4,4,Evening,2,1113.0
1083,106,2023-10-14,Text,52.0,8,2,Night,3,602.0
1084,28,2023-03-13,Photo,99.0,1,8,Afternoon,5,532.0
1085,127,2023-10-22,Text,71.0,24,11,Evening,4,674.0
1086,61,2023-11-09,Video,18.0,6,1,Morning,3,67.0
1087,176,2023-05-05,Photo,134.0,14,0,Morning,2,1402.0
1088,95,2023-06-05,Photo,62.0,15,1,Morning,4,766.0
1089,96,2023-01-31,Photo,102.0,15,7,Morning,6,1808.0
1090,141,2023-01-13,Video,164.0,29,10,Evening,2,1384.0
1091,86,2023-03-12,Video,23.0,19,2,Evening,4,524.0
1092,123,2023-02-20,Photo,58.0,13,0,Morning,6,2410.0
1093,395,2023-03-06,Link,,13,9,Night,6,1847.0
1094,353,2023-02-14,Text,37.0,1,1,Evening,1,459.0
1095,216,2023-04-23,Video,172.0,15,1,Afternoon,4,717.0
1096,108,2023-02-22,Video,36.0,16,0,Night,4,1378.0
1097,179,2023-10-09,Photo,10.0,12,12,Night,2,402.0
1098,70,2023-04-20,Video,115.0,15,1,Night,3,511.0
1099,127,2023-05-24,Link,189.0,30,0,Morning,2,130.0
1100,206,2023-09-25,Link,334.0,35,15,Night,1,196.0
1101,263,2023-09-03,Photo,90.0,25,2,Evening,1,278.0
1102,67,2023-09-29,Photo,75.0,18,6,Night,2,791.0
1103,138,2023-12-13,Link,61.0,22,1,Night,1,1518.0
1104,225,2023-02-21,Photo,79.0,47,6,Afternoon,1,430.0
1105,61,2023-08-05,Video,64.0,23,1,Afternoon,1,1328.0
1106,377,2023-03-24,Photo,32.0,6,5,Evening,1,416.0
1107,102,2023-03-17,Text,26.0,5,2,Night,3,1089.0
1108,293,2023-06-01,Photo,227.0,9,8,Morning,0,630.0
1109,15,2023-04-24,Video,53.0,20,6,Afternoon,4,220.0
1110,50,2023-02-27,Photo,76.0,8,13,Morning,2,1398.0
1111,260,2023-06-16,Photo,262.0,5,2,Evening,5,1403.0
1112,101,2023-09-14,Video,53.0,20,7,Evening,2,54.0
1113,10,2023-12-12,Photo,36.0,4,17,Night,4,939.0
1114,244,2023-03-29,Photo,134.0,5,2,Evening,3,1020.0
1115,123,2023-07-08,Photo,163.0,8,1,Night,3,859.0
1116,150,2023-02-17,Photo,18.0,1,7,Morning,4,535.0
1117,383,2023-03-03,Link,254.0,0,2,Morning,0,279.0
1118,159,2023-07-28,Video,,7,2,Afternoon,1,796.0
1119,253,2023-07-27,Link,65.0,40,3,Afternoon,1,
1120,332,2023-03-10,Photo,44.0,1,13,Night,3,320.0
1121,201,2023-03-10,Photo,30.0,12,0,Morning,4,994.0
1122,284,2023-02-21,Text,128.0,34,3,Evening,3,1551.0
1123,98,2023-04-17,Photo,44.0,0,0,Morning,1,2029.0
1124,222,2023-02-15,Video,103.0,8,10,Afternoon,1,243.0
1125,208,2023-05-25,Photo,52.0,15,0,Evening,3,389.0
1126,275,2023-03-26,Text,11.0,44,0,Afternoon,3,1192.0
1127,334,2023-01-30,Link,66.0,10,16,Evening,2,1420.0
1128,47,2023-06-26,Link,,21,4,Morning,4,2403.0
1129,115,2023-02-02,Video,8.0,2,8,Afternoon,1,1167.0
1130,184,2023-12-31,Video,144.0,12,3,Evening,1,931.0
1131,370,2023-11-10,Photo,51.0,28,2,Afternoon,4,876.0
1132,11,2023-12-28,Text,,12,12,Morning,4,298.0
1133,77,2023-12-15,Link,23.0,4,22,Afternoon,3,127.0
1134,330,2023-08-22,Video,51.0,0,4,Afternoon,3,1156.0
1135,221,2023-06-16,Text,96.0,0,12,Night,2,1086.0
1136,347,2023-08-18,Text,176.0,4,9,Evening,3,122.0
1137,54,2023-09-06,Text,104.0,2,3,Night,4,317.0
1138,59,2023-07-18,Text,66.0,17,14,Evening,6,2537.0
1139,193,2023-02-06,Photo,,6,1,Night,2,182.0
1140,32,2023-01-15,Text,146.0,11,10,Morning,5,150.0
1141,146,2023-04-03,Photo,136.0,2,1,Night,6,204.0
1142,132,2023-09-23,Text,87.0,28,0,Night,1,1000.0
1143,208,2023-10-03,Photo,187.0,22,7,Evening,1,1039.0
1144,338,2023-05-02,Link,26.0,1,13,Night,2,1915.0
1145,213,2023-08-25,Text,,21,1,Evening,4,1172.0
1146,179,2023-05-17,Text,127.0,13,3,Afternoon,1,449.0
1147,310,2023-07-17,Photo,167.0,12,6,Morning,7,85.0
1148,126,2023-10-03,Text,,12,2,Morning,2,732.0
1149,138,2023-03-05,Link,117.0,2,0,Evening,6,2473.0
1150,391,2023-12-07,Text,17.0,20,2,Afternoon,4,440.0
1151,382,2023-04-30,Link,202.0,42,3,Morning,5,1183.0
1152,245,2023-05-15,Photo,241.0,7,6,Morning,3,497.0
1153,193,2023-04-12,Text,54.0,10,1,Afternoon,0,1097.0
1154,353,2023-03-05,Video,164.0,2,8,Night,2,883.0
1155,275,2023-10-31,Photo,96.0,30,3,Evening,6,1081.0
1156,135,2023-08-14,Text,79.0,3,11,Evening,5,437.0
1157,45,2023-10-30,Text,72.0,15,4,Night,3,415.0
1158,361,2023-07-11,Photo,67.0,18,2,Evening,3,271.0
1159,38,2023-11-19,Text,130.0,7,1,Afternoon,0,641.0
1160,135,2023-06-22,Photo,91.0,16,0,Afternoon,3,1071.0
1161,235,2023-09-30,Video,18.0,13,2,Morning,5,895.0
1162,67,2023-07-13,Text,29.0,13,2,Night,1,584.0
1163,75,2023-12-28,Photo,190.0,28,4,Afternoon,3,1116.0
1164,264,2023-05-06,Video,45.0,2,9,Evening,2,1200.0
1165,90,2023-07-23,Video,154.0,10,3,Morning,3,1403.0
1166,102,2023-08-18,Video,52.0,22,1,Afternoon,2,518.0
1167,3,2023-11-28,Video,,4,10,Night,4,558.0
1168,93,2023-01-27,Photo,12.0,10,6,Afternoon,0,1862.0
1169,12,2023-03-31,Photo,34.0,4,1,Morning,1,1663.0
1170,82,2023-02-16,Link,32.0,1,0,Evening,4,1348.0
1171,171,2023-04-25,Photo,67.0,2,1,Night,1,192.0
1172,391,2023-02-09,Photo,26.0,10,0,Evening,8,683.0
1173,350,2023-03-10,Photo,317.0,36,11,Afternoon,0,1562.0
1174,234,2023-06-09,Photo,,47,4,Night,3,1403.0
1175,304,2023-04-10,Photo,38.0,20,9,Morning,2,865.0
1176,45,2023-10-28,Photo,81.0,5,8,Afternoon,4,826.0
1177,25,2023-12-24,Photo,137.0,1,0,Morning,5,348.0
1178,4,2023-09-01,Photo,232.0,2,2,Afternoon,3,288.0
1179,388,2023-12-02,Photo,75.0,20,17,Evening,6,380.0
1180,230,2023-11-26,Photo,89.0,14,1,Morning,2,363.0
1181,382,2023-02-06,Video,70.0,11,0,Evening,2,601.0
1182,362,2023-05-23,Text,239.0,24,2,Evening,5,1460.0
1183,195,2023-11-27,Video,100.0,22,3,Morning,1,225.0
1184,156,2023-09-22,Video,89.0,14,0,Night,2,237.0
1185,110,2023-03-23,Video,101.0,4,2,Morning,6,714.0
1186,165,2023-08-13,Video,42.0,8,1,Afternoon,1,1900.0
1187,386,2023-11-07,Link,,1,1,Morning,6,384.0
1188,329,2023-05-17,Video,83.0,11,1,Afternoon,3,667.0
1189,61,2023-11-16,Photo,172.0,5,0,Morning,3,1080.0
1190,209,2023-02-10,Video,76.0,1,0,Evening,0,611.0
1191,125,2023-09-28,Video,46.0,8,4,Morning,1,950.0
1192,307,2023-02-05,Video,61.0,8,14,Night,1,1276.0
1193,287,2023-03-06,Video,57.0,12,8,Morning,3,1286.0
1194,85,2023-02-02,Text,28.0,17,8,Afternoon,1,306.0
1195,209,2023-03-06,Photo,118.0,7,6,Afternoon,2,
1196,234,2023-05-03,Video,204.0,2,15,Night,1,289.0
1197,43,2023-11-27,Text,,31,15,Night,5,1113.0
1198,284,2023-06-25,Video,218.0,29,7,Evening,5,1945.0
1199,251,2023-12-13,Photo,299.0,4,6,Night,9,707.0
1200,167,2023-03-15,Text,4.0,15,1,Morning,1,1230.0
1201,193,2023-06-05,Link,24.0,33,0,Afternoon,1,806.0
1202,67,2023-01-16,Link,18.0,16,0,Night,1,767.0
1203,207,2023-12-29,Photo,225.0,8,6,Night,0,163.0
1204,324,2023-01-26,Video,47.0,7,0,Morning,3,1775.0
1205,36,2023-06-27,Video,19.0,1,8,Evening,1,1099.0
1206,383,2023-02-23,Text,23.0,2,2,Afternoon,0,748.0
1207,286,2023-12-14,Text,65.0,5,1,Evening,3,953.0
1208,349,2023-07-25,Photo,108.0,7,2,Night,2,657.0
1209,279,2023-05-21,Text,64.0,8,6,Afternoon,3,494.0
1210,175,2023-07-12,Text,99.0,8,1,Night,3,1599.0
1211,11,2023-10-18,Video,35.0,7,0,Morning,5,508.0
1212,376,2023-07-26,Photo,70.0,7,6,Afternoon,3,1018.0
1213,19,2023-01-29,Video,99.0,3,10,Evening,4,249.0
1214,190,2023-06-08,Photo,229.0,20,4,Afternoon,1,853.0
1215,72,2023-09-25,Text,71.0,15,3,Night,3,2498.0
1216,299,2023-03-10,Photo,105.0,8,7,Morning,4,304.0
1217,75,2023-08-26,Photo,61.0,1,6,Morning,2,556.0
1218,381,2023-02-01,Link,21.0,27,0,Evening,3,945.0
1219,137,2023-09-23,Video,106.0,39,1,Evening,3,686.0
1220,238,2023-05-13,Photo,95.0,10,13,Night,2,266.0
1221,281,2023-10-10,Text,192.0,7,16,Afternoon,4,1159.0
1222,287,2023-06-16,Text,111.0,5,3,Morning,6,3579.0
1223,141,2023-10-04,Photo,221.0,19,4,Morning,2,306.0
1224,321,2023-01-16,Link,145.0,24,0,Night,2,1579.0
1225,158,2023-10-12,Photo,89.0,6,5,Afternoon,3,1324.0
1226,201,2023-09-07,Link,,3,1,Afternoon,2,135.0
1227,29,2023-04-12,Photo,52.0,4,0,Evening,5,985.0
1228,95,2023-05-05,Video,161.0,19,1,Evening,3,1690.0
1229,274,2023-03-12,Video,143.0,14,5,Afternoon,3,219.0
1230,131,2023-07-29,Link,59.0,12,2,Night,4,422.0
1231,247,2023-03-24,Video,123.0,23,2,Afternoon,6,1016.0
1232,35,2023-07-28,Photo,116.0,23,6,Afternoon,2,756.0
1233,132,2023-01-14,Text,70.0,25,8,Morning,4,1506.0
1234,297,2023-10-24,Photo,152.0,12,10,Night,3,321.0
1235,335,2023-03-15,Link,76.0,13,2,Night,5,672.0
1236,114,2023-06-18,Photo,42.0,14,6,Night,2,1432.0
1237,90,2023-06-21,Video,103.0,12,10,Night,1,650.0
1238,223,2023-11-25,Text,353.0,3,11,Evening,4,829.0
1239,286,2023-09-29,Photo,432.0,34,3,Evening,6,149.0
1240,87,2023-05-06,Text,31.0,4,2,Morning,1,215.0
1241,222,2023-01-24,Video,15.0,9,11,Evening,2,1117.0
1242,267,2023-10-04,Photo,122.0,6,1,Night,3,1344.0
1243,33,2023-07-06,Photo,153.0,5,7,Afternoon,1,1150.0
1244,294,2023-11-23,Photo,256.0,35,11,Morning,0,1396.0
1245,238,2023-05-15,Video,86.0,49,6,Afternoon,1,799.0
1246,5,2023-06-12,Photo,103.0,10,5,Evening,3,1859.0
1247,187,2023-09-23,Photo,34.0,9,0,Night,3,421.0
1248,248,2023-06-15,Link,68.0,5,1,Morning,2,82.0
1249,99,2023-10-15,Photo,61.0,5,5,Evening,2,556.0
1250,51,2023-11-14,Link,171.0,9,7,Afternoon,2,1853.0
1251,65,2023-04-08,Link,67.0,21,0,Afternoon,1,924.0
1252,196,2023-09-09,Text,47.0,12,0,Night,2,518.0
1253,58,2023-03-29,Photo,107.0,21,1,Evening,3,
1254,176,2023-04-30,Link,81.0,30,5,Morning,2,1042.0
1255,186,2023-02-19,Photo,94.0,6,3,Morning,4,586.0
1256,165,2023-02-10,Photo,21.0,26,0,Morning,2,1120.0
1257,135,2023-02-16,Link,52.0,11,0,Afternoon,1,1999.0
1258,60,2023-09-15,Video,75.0,18,6,Evening,4,1894.0
1259,315,2023-06-19,Text,128.0,3,1,Morning,0,1457.0
1260,394,2023-01-04,Photo,174.0,1,0,Morning,3,2251.0
1261,289,2023-01-01,Photo,95.0,1,0,Morning,2,265.0
1262,179,2023-09-24,Video,59.0,21,9,Morning,5,1010.0
1263,123,2023-04-22,Link,74.0,17,3,Morning,3,440.0
1264,334,2023-01-11,Photo,44.0,4,3,Evening,6,649.0
1265,367,2023-12-31,Photo,67.0,6,0,Afternoon,3,2268.0
1266,294,2023-01-14,Photo,82.0,4,3,Night,4,1491.0
1267,244,2023-04-01,Photo,92.0,11,5,Evening,5,289.0
1268,311,2023-08-08,Photo,69.0,28,0,Afternoon,4,2194.0
1269,282,2023-12-09,Photo,46.0,19,11,Afternoon,4,1326.0
1270,351,2023-09-06,Video,85.0,58,7,Evening,6,1623.0
1271,298,2023-03-14,Photo,131.0,8,8,Afternoon,4,714.0
1272,360,2023-11-11,Video,34.0,22,3,Afternoon,2,1055.0
1273,77,2023-05-26,Photo,160.0,23,2,Afternoon,2,263.0
1274,87,2023-03-02,Link,189.0,16,5,Afternoon,4,618.0
1275,80,2023-10-07,Photo,166.0,1,1,Morning,4,1819.0
1276,381,2023-01-27,Photo,462.0,11,0,Evening,1,511.0
1277,381,2023-10-18,Text,37.0,33,3,Evening,3,455.0
1278,85,2023-01-22,Video,20.0,11,3,Night,3,1082.0
1279,274,2023-01-11,Text,37.0,1,0,Morning,3,833.0
1280,265,2023-05-04,Photo,31.0,13,3,Morning,2,578.0
1281,111,2023-05-04,Video,71.0,17,3,Morning,3,528.0
1282,360,2023-12-27,Video,75.0,9,10,Night,2,684.0
1283,273,2023-07-05,Video,175.0,5,7,Evening,5,83.0
1284,350,2023-04-08,Video,74.0,26,1,Morning,3,367.0
1285,388,2023-03-17,Video,32.0,7,8,Evening,4,1358.0
1286,311,2023-05-12,Text,133.0,12,17,Night,0,1028.0
1287,310,2023-07-13,Video,98.0,10,6,Morning,4,799.0
1288,105,2023-11-17,Text,83.0,57,7,Evening,3,325.0
1289,265,2023-05-26,Text,74.0,5,1,Afternoon,1,898.0
1290,164,2023-11-11,Text,179.0,32,24,Morning,4,991.0
1291,136,2023-10-06,Video,99.0,33,0,Afternoon,2,528.0
1292,190,2023-12-20,Photo,312.0,15,6,Morning,5,156.0
1293,252,2023-09-17,Text,115.0,21,2,Evening,4,956.0
1294,214,2023-09-01,Link,35.0,45,2,Afternoon,0,457.0
1295,122,2023-08-22,Text,97.0,36,1,Afternoon,2,763.0
1296,305,2023-12-31,Video,76.0,62,2,Afternoon,3,569.0
1297,326,2023-07-30,Video,48.0,22,7,Morning,2,208.0
1298,218,2023-10-23,Video,33.0,10,14,Morning,5,165.0
1299,170,2023-12-28,Link,86.0,17,2,Night,2,1202.0
1300,258,2023-06-17,Photo,117.0,12,5,Morning,3,813.0
1301,159,2023-06-28,Photo,170.0,5,7,Afternoon,1,1650.0
1302,76,2023-08-21,Link,80.0,21,0,Night,3,1564.0
1303,275,2023-05-31,Video,39.0,17,16,Evening,2,299.0
1304,121,2023-05-21,Video,,11,1,Afternoon,4,419.0
1305,357,2023-09-14,Text,,18,12,Afternoon,3,690.0
1306,240,2023-11-28,Text,71.0,0,21,Evening,3,128.0
1307,357,2023-05-18,Video,25.0,10,0,Evening,3,457.0
1308,65,2023-12-26,Video,123.0,21,11,Night,5,2088.0
1309,318,2023-08-12,Video,160.0,25,5,Afternoon,3,1485.0
1310,188,2023-01-22,Text,2.0,31,8,Afternoon,0,1296.0
1311,98,2023-03-30,Link,258.0,4,0,Evening,6,2200.0
1312,272,2023-09-24,Photo,191.0,8,8,Afternoon,2,50.0
1313,105,2023-03-16,Photo,,20,4,Afternoon,1,1316.0
1314,135,2023-03-31,Photo,,5,3,Night,3,1319.0
1315,333,2023-09-29,Text,31.0,10,4,Evening,3,880.0
1316,196,2023-06-06,Photo,49.0,4,6,Morning,4,217.0
1317,231,2023-06-07,Photo,,6,1,Afternoon,1,2862.0
1318,202,2023-11-09,Photo,155.0,8,14,Night,2,1541.0
1319,396,2023-03-06,Text,104.0,19,1,Afternoon,0,2091.0
1320,92,2023-01-06,Video,53.0,22,10,Night,1,1210.0
1321,389,2023-03-18,Photo,127.0,20,0,Night,1,366.0
1322,348,2023-04-01,Video,202.0,3,12,Morning,3,291.0
1323,47,2023-10-18,Photo,95.0,3,9,Night,0,1664.0
1324,11,2023-05-08,Photo,244.0,21,0,Evening,1,405.0
1325,162,2023-04-27,Text,191.0,5,6,Night,1,848.0
1326,51,2023-08-13,Text,92.0,16,2,Morning,3,531.0
1327,5,2023-11-11,Text,89.0,15,3,Afternoon,3,1204.0
1328,304,2023-01-14,Video,,5,0,Night,3,738.0
1329,287,2023-06-23,Photo,9.0,27,1,Morning,3,2839.0
1330,391,2023-05-30,Text,25.0,36,15,Evening,3,3034.0
1331,355,2023-07-07,Photo,82.0,0,2,Afternoon,2,1059.0
1332,85,2023-03-26,Text,6.0,47,0,Morning,5,323.0
1333,296,2023-04-30,Link,35.0,45,3,Afternoon,3,378.0
1334,398,2023-11-21,Photo,63.0,17,26,Evening,3,426.0
1335,266,2023-05-23,Photo,103.0,2,2,Night,1,303.0
1336,338,2023-11-02,Video,162.0,8,0,Night,4,900.0
1337,230,2023-08-28,Photo,44.0,5,5,Morning,6,261.0
1338,305,2023-07-31,Link,127.0,7,12,Evening,2,697.0
1339,145,2023-07-03,Photo,39.0,33,9,Night,7,834.0
1340,376,2023-07-10,Photo,266.0,9,5,Afternoon,1,677.0
1341,214,2023-12-10,Link,130.0,18,1,Afternoon,0,3241.0
1342,208,2023-01-26,Photo,114.0,12,7,Evening,2,845.0
1343,311,2023-12-27,Link,42.0,6,8,Afternoon,2,720.0
1344,290,2023-05-05,Photo,36.0,49,9,Evening,3,1623.0
1345,236,2023-08-30,Link,48.0,2,2,Evening,4,949.0
1346,33,2023-12-08,Photo,113.0,12,2,Night,7,1744.0
1347,133,2023-10-10,Photo,382.0,7,0,Evening,1,574.0
1348,104,2023-10-02,Video,73.0,4,7,Night,5,1206.0
1349,42,2023-02-06,Photo,68.0,53,6,Afternoon,3,977.0
1350,131,2023-10-19,Photo,158.0,6,0,Evening,3,582.0
1351,191,2023-08-09,Photo,63.0,10,0,Afternoon,2,421.0
1352,269,2023-11-15,Text,56.0,13,15,Evening,2,1089.0
1353,244,2023-10-22,Text,227.0,30,0,Afternoon,4,2612.0
1354,392,2023-09-04,Text,27.0,22,4,Morning,4,2379.0
1355,61,2023-05-08,Text,63.0,3,3,Evening,2,1641.0
1356,158,2023-04-17,Photo,19.0,5,7,Night,4,1475.0
1357,306,2023-12-02,Video,115.0,18,0,Morning,1,833.0
1358,69,2023-08-11,Photo,87.0,12,5,Morning,1,354.0
1359,294,2023-12-01,Photo,194.0,6,4,Night,4,170.0
1360,95,2023-06-10,Text,54.0,22,9,Evening,2,1103.0
1361,248,2023-10-15,Text,70.0,4,3,Morning,2,2505.0
1362,258,2023-09-13,Text,64.0,4,6,Night,1,923.0
1363,57,2023-08-30,Link,242.0,2,2,Morning,1,1699.0
1364,263,2023-04-30,Video,98.0,16,20,Evening,3,1011.0
1365,208,2023-01-06,Link,107.0,12,4,Morning,1,851.0
1366,394,2023-12-27,Video,67.0,23,7,Evening,6,476.0
1367,29,2023-05-02,Link,59.0,4,0,Evening,6,491.0
1368,222,2023-05-25,Photo,68.0,13,3,Morning,2,803.0
1369,162,2023-09-15,Photo,195.0,4,0,Evening,1,619.0
1370,98,2023-03-21,Video,93.0,10,0,Morning,3,1521.0
1371,173,2023-11-07,Photo,203.0,13,3,Evening,6,1644.0
1372,127,2023-04-21,Photo,105.0,6,2,Evening,3,1185.0
1373,100,2023-09-08,Photo,53.0,17,3,Evening,1,2651.0
1374,71,2023-09-25,Text,65.0,2,3,Morning,3,1802.0
1375,186,2023-12-31,Link,131.0,14,0,Afternoon,2,893.0
1376,334,2023-02-20,Photo,,17,2,Morning,3,608.0
1377,84,2023-02-17,Link,,11,9,Night,2,
1378,229,2023-06-16,Text,285.0,12,9,Evening,4,2150.0
1379,289,2023-07-28,Photo,56.0,10,3,Morning,2,326.0
1380,351,2023-04-15,Video,30.0,8,6,Evening,3,1946.0
1381,250,2023-03-11,Link,42.0,21,7,Afternoon,1,419.0
1382,97,2023-04-29,Text,76.0,0,0,Afternoon,3,613.0
1383,346,2023-12-27,Photo,116.0,37,4,Morning,5,1595.0
1384,218,2023-12-12,Photo,85.0,10,8,Morning,3,1642.0
1385,382,2023-01-01,Text,25.0,20,4,Night,3,763.0
1386,192,2023-10-29,Video,76.0,13,3,Afternoon,8,997.0
1387,166,2023-03-04,Photo,140.0,0,3,Night,4,2507.0
1388,12,2023-02-28,Photo,165.0,27,3,Morning,4,2443.0
1389,191,2023-10-30,Text,22.0,32,7,Night,3,861.0
1390,188,2023-09-29,Photo,49.0,8,5,Evening,4,
1391,276,2023-02-15,Text,51.0,0,1,Evening,5,560.0
1392,242,2023-03-21,Text,254.0,1,2,Night,3,248.0
1393,322,2023-02-19,Photo,215.0,8,3,Morning,3,837.0
1394,18,2023-11-01,Photo,78.0,12,2,Night,4,854.0
1395,375,2023-12-29,Link,69.0,24,1,Afternoon,2,628.0
1396,262,2023-10-03,Text,347.0,28,0,Evening,3,722.0
1397,66,2023-08-17,Text,172.0,13,0,Evening,4,
1398,69,2023-11-29,Video,38.0,18,1,Evening,2,890.0
1399,127,2023-03-13,Photo,221.0,3,2,Evening,5,427.0
1400,125,2023-06-18,Video,58.0,4,5,Afternoon,4,1267.0
1401,102,2023-09-24,Text,28.0,4,20,Evening,2,732.0
1402,214,2023-02-24,Photo,62.0,8,11,Afternoon,2,1364.0
1403,378,2023-08-18,Photo,84.0,7,8,Afternoon,2,3738.0
1404,150,2023-02-16,Video,89.0,24,8,Afternoon,5,269.0
1405,65,2023-03-19,Video,224.0,8,4,Evening,2,309.0
1406,228,2023-12-26,Link,152.0,14,1,Evening,2,1700.0
1407,77,2023-11-02,Photo,56.0,17,3,Afternoon,4,1047.0
1408,396,2023-12-19,Photo,48.0,11,0,Evening,4,1283.0
1409,191,2023-12-27,Text,57.0,21,4,Night,3,119.0
1410,141,2023-10-06,Video,196.0,17,0,Evening,4,422.0
1411,115,2023-03-02,Video,65.0,4,1,Evening,3,1423.0
1412,123,2023-01-07,Text,135.0,18,6,Afternoon,2,
1413,240,2023-09-28,Photo,23.0,4,1,Night,1,154.0
1414,59,2023-12-01,Link,,8,2,Night,3,1076.0
1415,379,2023-01-09,Photo,119.0,16,8,Afternoon,2,463.0
1416,395,2023-08-01,Photo,152.0,22,0,Evening,4,542.0
1417,114,2023-06-14,Photo,40.0,1,0,Evening,5,655.0
1418,82,2023-08-19,Text,126.0,26,1,Afternoon,3,257.0
1419,214,2023-11-11,Photo,28.0,0,5,Morning,5,669.0
1420,257,2023-06-05,Photo,94.0,12,1,Afternoon,4,1669.0
1421,324,2023-12-30,Photo,75.0,27,9,Night,3,540.0
1422,9,2023-01-15,Photo,18.0,3,2,Evening,6,797.0
1423,3,2023-04-28,Photo,122.0,7,1,Morning,1,1159.0
1424,265,2023-03-29,Photo,20.0,6,1,Night,6,1084.0
1425,338,2023-01-04,Photo,18.0,8,4,Evening,2,540.0
1426,325,2023-08-27,Photo,21.0,10,9,Night,1,737.0
1427,278,2023-04-24,Video,162.0,1,2,Afternoon,5,952.0
1428,101,2023-08-15,Text,115.0,58,1,Evening,3,652.0
1429,118,2023-11-10,Photo,23.0,7,2,Night,2,812.0
1430,80,2023-05-23,Video,94.0,1,11,Night,1,3322.0
1431,133,2023-09-01,Text,87.0,23,2,Night,3,1616.0
1432,39,2023-01-02,Link,149.0,13,5,Morning,3,2335.0
1433,3,2023-12-26,Video,74.0,30,2,Evening,0,999.0
1434,26,2023-05-04,Video,168.0,12,5,Afternoon,4,1116.0
1435,264,2023-11-21,Video,77.0,5,10,Afternoon,2,496.0
1436,52,2023-07-20,Video,45.0,6,4,Afternoon,1,1884.0
1437,197,2023-03-12,Photo,40.0,23,14,Night,8,135.0
1438,390,2023-03-09,Video,15.0,24,4,Night,2,3019.0
1439,382,2023-05-27,Link,32.0,22,18,Afternoon,4,1160.0
1440,155,2023-09-21,Video,32.0,19,6,Night,2,527.0
1441,377,2023-10-14,Photo,49.0,42,5,Morning,2,1416.0
1442,214,2023-09-27,Link,125.0,10,8,Evening,0,373.0
1443,56,2023-01-29,Photo,142.0,2,0,Evening,2,850.0
1444,43,2023-05-17,Photo,353.0,6,1,Morning,2,522.0
1445,27,2023-04-11,Video,46.0,4,1,Evening,2,626.0
1446,45,2023-11-22,Video,29.0,24,0,Morning,2,864.0
1447,302,2023-08-22,Photo,14.0,1,13,Morning,3,1912.0
1448,369,2023-12-14,Video,76.0,1,0,Morning,1,831.0
1449,33,2023-10-28,Photo,105.0,13,1,Morning,0,283.0
1450,127,2023-11-26,Text,,37,2,Afternoon,5,490.0
1451,95,2023-02-23,Photo,59.0,27,4,Morning,1,458.0
1452,284,2023-10-28,Text,362.0,14,7,Morning,0,3092.0
1453,350,2023-09-16,Photo,157.0,28,4,Night,1,456.0
1454,354,2023-03-17,Photo,28.0,7,6,Night,1,1022.0
1455,109,2023-10-19,Photo,111.0,42,2,Afternoon,0,
1456,81,2023-05-19,Link,193.0,1,27,Morning,7,621.0
1457,179,2023-08-26,Video,76.0,3,0,Morning,5,399.0
1458,192,2023-04-27,Text,133.0,20,2,Afternoon,2,316.0
1459,35,2023-02-10,Video,181.0,21,8,Morning,4,1294.0
1460,262,2023-11-24,Link,91.0,38,1,Evening,5,1776.0
1461,221,2023-07-24,Photo,101.0,5,6,Morning,2,
1462,186,2023-04-17,Video,23.0,29,2,Afternoon,2,890.0
1463,128,2023-12-06,Text,29.0,13,0,Morning,4,764.0
1464,270,2023-04-14,Video,158.0,2,2,Morning,3,256.0
1465,201,2023-05-18,Link,21.0,1,7,Afternoon,2,498.0
1466,312,2023-02-10,Video,48.0,7,0,Afternoon,4,1506.0
1467,79,2023-06-30,Text,66.0,9,3,Evening,5,2576.0
1468,230,2023-01-04,Photo,126.0,1,6,Evening,7,2744.0
1469,148,2023-01-10,Photo,35.0,17,6,Evening,2,721.0
1470,214,2023-02-18,Video,232.0,20,2,Evening,3,1063.0
1471,124,2023-03-15,Link,194.0,7,3,Afternoon,2,761.0
1472,145,2023-02-17,Video,330.0,9,9,Evening,4,1681.0
1473,142,2023-05-04,Video,4.0,27,1,Evening,3,1387.0
1474,26,2023-05-31,Photo,142.0,18,24,Afternoon,4,1444.0
1475,232,2023-04-10,Text,190.0,18,2,Morning,2,430.0
1476,160,2023-10-02,Photo,54.0,12,1,Morning,3,697.0
1477,349,2023-07-19,Video,78.0,12,0,Morning,1,1533.0
1478,232,2023-08-06,Video,92.0,13,0,Morning,1,2615.0
1479,71,2023-05-06,Video,49.0,3,7,Night,2,1992.0
1480,313,2023-06-28,Text,80.0,8,5,Morning,3,345.0
1481,201,2023-08-16,Photo,99.0,14,1,Night,3,199.0
1482,268,2023-09-24,Text,464.0,20,13,Afternoon,4,1633.0
1483,3,2023-09-16,Photo,57.0,18,9,Evening,3,439.0
1484,353,2023-09-09,Text,109.0,15,1,Evening,2,3209.0
1485,143,2023-07-29,Photo,118.0,10,2,Night,2,1594.0
1486,137,2023-05-25,Photo,81.0,20,1,Evening,4,1273.0
1487,49,2023-03-14,Photo,30.0,20,5,Morning,4,675.0
1488,172,2023-01-30,Text,113.0,9,6,Afternoon,3,1174.0
1489,81,2023-03-21,Text,47.0,9,2,Morning,4,445.0
1490,156,2023-01-08,Video,44.0,0,6,Night,3,976.0
1491,269,2023-06-18,Link,167.0,49,23,Afternoon,1,1781.0
1492,303,2023-01-05,Video,66.0,16,4,Afternoon,2,664.0
1493,21,2023-11-21,Photo,114.0,23,5,Night,3,817.0
1494,50,2023-08-26,Photo,121.0,32,2,Morning,3,141.0
1495,175,2023-06-01,Photo,196.0,1,0,Afternoon,4,881.0
1496,114,2023-11-30,Photo,30.0,8,15,Night,2,1072.0
1497,261,2023-03-10,Photo,146.0,7,7,Morning,4,1494.0
1498,263,2023-09-13,Video,161.0,8,5,Evening,1,2338.0
1499,293,2023-11-23,Link,,3,0,Night,1,694.0
1500,339,2023-03-20,Video,217.0,32,7,Night,4,265.0
